Workbook
Name Slicer_City_tier: #N/A
Name Slicer_City_tier1: #N/A
Name Slicer_Diabetes_Status: #N/A
Name Slicer_Hospital_tier: #N/A
Name Slicer_Weight_Status: #N/A

Sheet Customer Name
A1: Customer ID | B1: name | C1: Title | D1: First name | E1: Last name
A2: Id1 | B2: Hawks, Ms. Kelly | C2: Ms. | D2: Kelly | E2: Hawks
A3: Id2 | B3: Lehner, Mr. Matthew D | C3: Mr. | D3: Matthew D | E3: Lehner
A4: Id3 | B4: Lu, Mr. Phil | C4: Mr. | D4: Phil | E4: Lu
A5: Id4 | B5: Osborne, Ms. Kelsey | C5: Ms. | D5: Kelsey | E5: Osborne
A6: Id5 | B6: Kadala, Ms. Kristyn | C6: Ms. | D6: Kristyn | E6: Kadala
A7: Id6 | B7: Baker, Mr. Russell B. | C7: Mr. | D7: Russell B. | E7: Baker
A8: Id7 | B8: Macpherson, Mr. Scott | C8: Mr. | D8: Scott | E8: Macpherson
A9: Id8 | B9: Hallman, Mr. Stephen | C9: Mr. | D9: Stephen | E9: Hallman
A10: Id9 | B10: Moran, Mr. Patrick R. | C10: Mr. | D10: Patrick R. | E10: Moran
A11: Id10 | B11: Benner, Ms. Brooke N. | C11: Ms. | D11: Brooke N. | E11: Benner
A12: Id11 | B12: Fierro Vargas, Ms. Paola Andrea | C12: Ms. | D12: Paola Andrea | E12: Fierro Vargas
... A2336: Id2335 | B2336: German, Mr. Aaron K | C2336: Mr. | D2336: Aaron K | E2336: German

Sheet Medical Examination
A1: Customer ID | B1: BMI | C1: HBA1C | D1: Heart Issues | E1: Any Transplants | F1: Cancer history | G1: NumberOfMajorSurgeries | H1: smoker | J1: Smoker Imputed | K1: NumberOfMajorSurgeries | L1: Weight Status | M1: Diabetes Status | O1: Most Value repeated in smoker
A2: Id1 | B2: 47.41 | C2: 7.47 | D2: No | E2: No | F2: No | G2: No major surgery | H2: yes | J2: =IF(Table7[[#This Row],[smoker]]="?","No",Table7[[#This Row],[smoker]]) -> yes | K2: =IFERROR(VALUE(Table7[[#This Row],[NumberOfMajorSurgeries]]),0) -> 0 | L2: =IF(B2 < 18.5, "Underweight", IF(B2 < 25, "Normal Weight", IF(B2 < 30, "Overweight", "Obesity"))) -> Obesity | M2: =IF(C2<5.7,"Normal", IF(C2<6.5,"Prediabetes", IF(C2<7,"Diabetes", "Diabetes"))) -> Diabetes | O2: =COUNTIF(Table7[smoker],"Yes") -> 488 | P2: Yes
A3: Id2 | B3: 30.36 | C3: 5.77 | D3: No | E3: No | F3: No | G3: No major surgery | H3: yes | J3: =IF(Table7[[#This Row],[smoker]]="?","No",Table7[[#This Row],[smoker]]) -> yes | K3: =IFERROR(VALUE(Table7[[#This Row],[NumberOfMajorSurgeries]]),0) -> 0 | L3: =IF(B3 < 18.5, "Underweight", IF(B3 < 25, "Normal Weight", IF(B3 < 30, "Overweight", "Obesity"))) -> Obesity | M3: =IF(C3<5.7,"Normal", IF(C3<6.5,"Prediabetes", IF(C3<7,"Diabetes", "Diabetes"))) -> Prediabetes | O3: =COUNTIF(Table7[smoker],"No") -> 1845 | P3: NO
A4: Id3 | B4: 34.485 | C4: 11.87 | D4: yes | E4: No | F4: No | G4: 2 | H4: yes | J4: =IF(Table7[[#This Row],[smoker]]="?","No",Table7[[#This Row],[smoker]]) -> yes | K4: =IFERROR(VALUE(Table7[[#This Row],[NumberOfMajorSurgeries]]),0) -> 2 | L4: =IF(B4 < 18.5, "Underweight", IF(B4 < 25, "Normal Weight", IF(B4 < 30, "Overweight", "Obesity"))) -> Obesity | M4: =IF(C4<5.7,"Normal", IF(C4<6.5,"Prediabetes", IF(C4<7,"Diabetes", "Diabetes"))) -> Diabetes
A5: Id4 | B5: 38.095 | C5: 6.05 | D5: No | E5: No | F5: No | G5: No major surgery | H5: yes | J5: =IF(Table7[[#This Row],[smoker]]="?","No",Table7[[#This Row],[smoker]]) -> yes | K5: =IFERROR(VALUE(Table7[[#This Row],[NumberOfMajorSurgeries]]),0) -> 0 | L5: =IF(B5 < 18.5, "Underweight", IF(B5 < 25, "Normal Weight", IF(B5 < 30, "Overweight", "Obesity"))) -> Obesity | M5: =IF(C5<5.7,"Normal", IF(C5<6.5,"Prediabetes", IF(C5<7,"Diabetes", "Diabetes"))) -> Prediabetes
A6: Id5 | B6: 35.53 | C6: 5.45 | D6: No | E6: No | F6: No | G6: No major surgery | H6: yes | J6: =IF(Table7[[#This Row],[smoker]]="?","No",Table7[[#This Row],[smoker]]) -> yes | K6: =IFERROR(VALUE(Table7[[#This Row],[NumberOfMajorSurgeries]]),0) -> 0 | L6: =IF(B6 < 18.5, "Underweight", IF(B6 < 25, "Normal Weight", IF(B6 < 30, "Overweight", "Obesity"))) -> Obesity | M6: =IF(C6<5.7,"Normal", IF(C6<6.5,"Prediabetes", IF(C6<7,"Diabetes", "Diabetes"))) -> Normal
A7: Id6 | B7: 32.8 | C7: 6.59 | D7: No | E7: No | F7: No | G7: No major surgery | H7: yes | J7: =IF(Table7[[#This Row],[smoker]]="?","No",Table7[[#This Row],[smoker]]) -> yes | K7: =IFERROR(VALUE(Table7[[#This Row],[NumberOfMajorSurgeries]]),0) -> 0 | L7: =IF(B7 < 18.5, "Underweight", IF(B7 < 25, "Normal Weight", IF(B7 < 30, "Overweight", "Obesity"))) -> Obesity | M7: =IF(C7<5.7,"Normal", IF(C7<6.5,"Prediabetes", IF(C7<7,"Diabetes", "Diabetes"))) -> Diabetes
A8: Id7 | B8: 36.4 | C8: 6.07 | D8: No | E8: No | F8: No | G8: No major surgery | H8: yes | J8: =IF(Table7[[#This Row],[smoker]]="?","No",Table7[[#This Row],[smoker]]) -> yes | K8: =IFERROR(VALUE(Table7[[#This Row],[NumberOfMajorSurgeries]]),0) -> 0 | L8: =IF(B8 < 18.5, "Underweight", IF(B8 < 25, "Normal Weight", IF(B8 < 30, "Overweight", "Obesity"))) -> Obesity | M8: =IF(C8<5.7,"Normal", IF(C8<6.5,"Prediabetes", IF(C8<7,"Diabetes", "Diabetes"))) -> Prediabetes
A9: Id8 | B9: 36.96 | C9: 7.93 | D9: No | E9: No | F9: No | G9: 3 | H9: yes | J9: =IF(Table7[[#This Row],[smoker]]="?","No",Table7[[#This Row],[smoker]]) -> yes | K9: =IFERROR(VALUE(Table7[[#This Row],[NumberOfMajorSurgeries]]),0) -> 3 | L9: =IF(B9 < 18.5, "Underweight", IF(B9 < 25, "Normal Weight", IF(B9 < 30, "Overweight", "Obesity"))) -> Obesity | M9: =IF(C9<5.7,"Normal", IF(C9<6.5,"Prediabetes", IF(C9<7,"Diabetes", "Diabetes"))) -> Diabetes
A10: Id9 | B10: 41.14 | C10: 9.58 | D10: yes | E10: No | F10: Yes | G10: 1 | H10: yes | J10: =IF(Table7[[#This Row],[smoker]]="?","No",Table7[[#This Row],[smoker]]) -> yes | K10: =IFERROR(VALUE(Table7[[#This Row],[NumberOfMajorSurgeries]]),0) -> 1 | L10: =IF(B10 < 18.5, "Underweight", IF(B10 < 25, "Normal Weight", IF(B10 < 30, "Overweight", "Obesity"))) -> Obesity | M10: =IF(C10<5.7,"Normal", IF(C10<6.5,"Prediabetes", IF(C10<7,"Diabetes", "Diabetes"))) -> Diabetes
A11: Id10 | B11: 38.06 | C11: 10.79 | D11: No | E11: No | F11: No | G11: No major surgery | H11: yes | J11: =IF(Table7[[#This Row],[smoker]]="?","No",Table7[[#This Row],[smoker]]) -> yes | K11: =IFERROR(VALUE(Table7[[#This Row],[NumberOfMajorSurgeries]]),0) -> 0 | L11: =IF(B11 < 18.5, "Underweight", IF(B11 < 25, "Normal Weight", IF(B11 < 30, "Overweight", "Obesity"))) -> Obesity | M11: =IF(C11<5.7,"Normal", IF(C11<6.5,"Prediabetes", IF(C11<7,"Diabetes", "Diabetes"))) -> Diabetes
A12: Id11 | B12: 37.7 | C12: 5.96 | D12: yes | E12: No | F12: No | G12: 2 | H12: yes | J12: =IF(Table7[[#This Row],[smoker]]="?","No",Table7[[#This Row],[smoker]]) -> yes | K12: =IFERROR(VALUE(Table7[[#This Row],[NumberOfMajorSurgeries]]),0) -> 2 | L12: =IF(B12 < 18.5, "Underweight", IF(B12 < 25, "Normal Weight", IF(B12 < 30, "Overweight", "Obesity"))) -> Obesity | M12: =IF(C12<5.7,"Normal", IF(C12<6.5,"Prediabetes", IF(C12<7,"Diabetes", "Diabetes"))) -> Prediabetes
A13: Id12 | B13: 42.13 | C13: 11.9 | D13: No | E13: No | F13: No | G13: No major surgery | H13: yes | J13: =IF(Table7[[#This Row],[smoker]]="?","No",Table7[[#This Row],[smoker]]) -> yes | K13: =IFERROR(VALUE(Table7[[#This Row],[NumberOfMajorSurgeries]]),0) -> 0 | L13: =IF(B13 < 18.5, "Underweight", IF(B13 < 25, "Normal Weight", IF(B13 < 30, "Overweight", "Obesity"))) -> Obesity | M13: =IF(C13<5.7,"Normal", IF(C13<6.5,"Prediabetes", IF(C13<7,"Diabetes", "Diabetes"))) -> Diabetes
A14: Id13 | B14: 40.92 | C14: 8.41 | D14: No | E14: No | F14: No | G14: No major surgery | H14: yes | J14: =IF(Table7[[#This Row],[smoker]]="?","No",Table7[[#This Row],[smoker]]) -> yes | K14: =IFERROR(VALUE(Table7[[#This Row],[NumberOfMajorSurgeries]]),0) -> 0 | L14: =IF(B14 < 18.5, "Underweight", IF(B14 < 25, "Normal Weight", IF(B14 < 30, "Overweight", "Obesity"))) -> Obesity | M14: =IF(C14<5.7,"Normal", IF(C14<6.5,"Prediabetes", IF(C14<7,"Diabetes", "Diabetes"))) -> Diabetes
A15: Id14 | B15: 40.565 | C15: 7.02 | D15: No | E15: No | F15: No | G15: No major surgery | H15: yes | J15: =IF(Table7[[#This Row],[smoker]]="?","No",Table7[[#This Row],[smoker]]) -> yes | K15: =IFERROR(VALUE(Table7[[#This Row],[NumberOfMajorSurgeries]]),0) -> 0 | L15: =IF(B15 < 18.5, "Underweight", IF(B15 < 25, "Normal Weight", IF(B15 < 30, "Overweight", "Obesity"))) -> Obesity | M15: =IF(C15<5.7,"Normal", IF(C15<6.5,"Prediabetes", IF(C15<7,"Diabetes", "Diabetes"))) -> Diabetes
A16: Id15 | B16: 36.385 | C16: 7.59 | D16: yes | E16: No | F16: No | G16: 2 | H16: yes | J16: =IF(Table7[[#This Row],[smoker]]="?","No",Table7[[#This Row],[smoker]]) -> yes | K16: =IFERROR(VALUE(Table7[[#This Row],[NumberOfMajorSurgeries]]),0) -> 2 | L16: =IF(B16 < 18.5, "Underweight", IF(B16 < 25, "Normal Weight", IF(B16 < 30, "Overweight", "Obesity"))) -> Obesity | M16: =IF(C16<5.7,"Normal", IF(C16<6.5,"Prediabetes", IF(C16<7,"Diabetes", "Diabetes"))) -> Diabetes
A17: Id16 | B17: 39.9 | C17: 11.32 | D17: No | E17: No | F17: No | G17: No major surgery | H17: yes | J17: =IF(Table7[[#This Row],[smoker]]="?","No",Table7[[#This Row],[smoker]]) -> yes | K17: =IFERROR(VALUE(Table7[[#This Row],[NumberOfMajorSurgeries]]),0) -> 0 | L17: =IF(B17 < 18.5, "Underweight", IF(B17 < 25, "Normal Weight", IF(B17 < 30, "Overweight", "Obesity"))) -> Obesity | M17: =IF(C17<5.7,"Normal", IF(C17<6.5,"Prediabetes", IF(C17<7,"Diabetes", "Diabetes"))) -> Diabetes
A18: Id17 | B18: 33.8 | C18: 7.67 | D18: No | E18: No | F18: No | G18: 3 | H18: yes | J18: =IF(Table7[[#This Row],[smoker]]="?","No",Table7[[#This Row],[smoker]]) -> yes | K18: =IFERROR(VALUE(Table7[[#This Row],[NumberOfMajorSurgeries]]),0) -> 3 | L18: =IF(B18 < 18.5, "Underweight", IF(B18 < 25, "Normal Weight", IF(B18 < 30, "Overweight", "Obesity"))) -> Obesity | M18: =IF(C18<5.7,"Normal", IF(C18<6.5,"Prediabetes", IF(C18<7,"Diabetes", "Diabetes"))) -> Diabetes
A19: Id18 | B19: 36.765 | C19: 7.29 | D19: yes | E19: No | F19: Yes | G19: 1 | H19: yes | J19: =IF(Table7[[#This Row],[smoker]]="?","No",Table7[[#This Row],[smoker]]) -> yes | K19: =IFERROR(VALUE(Table7[[#This Row],[NumberOfMajorSurgeries]]),0) -> 1 | L19: =IF(B19 < 18.5, "Underweight", IF(B19 < 25, "Normal Weight", IF(B19 < 30, "Overweight", "Obesity"))) -> Obesity | M19: =IF(C19<5.7,"Normal", IF(C19<6.5,"Prediabetes", IF(C19<7,"Diabetes", "Diabetes"))) -> Diabetes
A20: Id19 | B20: 36.955 | C20: 4.72 | D20: yes | E20: No | F20: No | G20: 1 | H20: yes | J20: =IF(Table7[[#This Row],[smoker]]="?","No",Table7[[#This Row],[smoker]]) -> yes | K20: =IFERROR(VALUE(Table7[[#This Row],[NumberOfMajorSurgeries]]),0) -> 1 | L20: =IF(B20 < 18.5, "Underweight", IF(B20 < 25, "Normal Weight", IF(B20 < 30, "Overweight", "Obesity"))) -> Obesity | M20: =IF(C20<5.7,"Normal", IF(C20<6.5,"Prediabetes", IF(C20<7,"Diabetes", "Diabetes"))) -> Normal
A21: Id20 | B21: 42.9 | C21: 11.41 | D21: No | E21: No | F21: No | G21: No major surgery | H21: yes | J21: =IF(Table7[[#This Row],[smoker]]="?","No",Table7[[#This Row],[smoker]]) -> yes | K21: =IFERROR(VALUE(Table7[[#This Row],[NumberOfMajorSurgeries]]),0) -> 0 | L21: =IF(B21 < 18.5, "Underweight", IF(B21 < 25, "Normal Weight", IF(B21 < 30, "Overweight", "Obesity"))) -> Obesity | M21: =IF(C21<5.7,"Normal", IF(C21<6.5,"Prediabetes", IF(C21<7,"Diabetes", "Diabetes"))) -> Diabetes
A22: Id21 | B22: 36.3 | C22: 11.5 | D22: yes | E22: No | F22: No | G22: 2 | H22: yes | J22: =IF(Table7[[#This Row],[smoker]]="?","No",Table7[[#This Row],[smoker]]) -> yes | K22: =IFERROR(VALUE(Table7[[#This Row],[NumberOfMajorSurgeries]]),0) -> 2 | L22: =IF(B22 < 18.5, "Underweight", IF(B22 < 25, "Normal Weight", IF(B22 < 30, "Overweight", "Obesity"))) -> Obesity | M22: =IF(C22<5.7,"Normal", IF(C22<6.5,"Prediabetes", IF(C22<7,"Diabetes", "Diabetes"))) -> Diabetes
A23: Id22 | B23: 32.2 | C23: 6.22 | D23: yes | E23: No | F23: No | G23: 2 | H23: yes | J23: =IF(Table7[[#This Row],[smoker]]="?","No",Table7[[#This Row],[smoker]]) -> yes | K23: =IFERROR(VALUE(Table7[[#This Row],[NumberOfMajorSurgeries]]),0) -> 2 | L23: =IF(B23 < 18.5, "Underweight", IF(B23 < 25, "Normal Weight", IF(B23 < 30, "Overweight", "Obesity"))) -> Obesity | M23: =IF(C23<5.7,"Normal", IF(C23<6.5,"Prediabetes", IF(C23<7,"Diabetes", "Diabetes"))) -> Prediabetes
A24: Id23 | B24: 31.3 | C24: 11.38 | D24: No | E24: No | F24: No | G24: 3 | H24: yes | J24: =IF(Table7[[#This Row],[smoker]]="?","No",Table7[[#This Row],[smoker]]) -> yes | K24: =IFERROR(VALUE(Table7[[#This Row],[NumberOfMajorSurgeries]]),0) -> 3 | L24: =IF(B24 < 18.5, "Underweight", IF(B24 < 25, "Normal Weight", IF(B24 < 30, "Overweight", "Obesity"))) -> Obesity | M24: =IF(C24<5.7,"Normal", IF(C24<6.5,"Prediabetes", IF(C24<7,"Diabetes", "Diabetes"))) -> Diabetes
A25: Id24 | B25: 41.8 | C25: 7.89 | D25: yes | E25: No | F25: No | G25: 2 | H25: yes | J25: =IF(Table7[[#This Row],[smoker]]="?","No",Table7[[#This Row],[smoker]]) -> yes | K25: =IFERROR(VALUE(Table7[[#This Row],[NumberOfMajorSurgeries]]),0) -> 2 | L25: =IF(B25 < 18.5, "Underweight", IF(B25 < 25, "Normal Weight", IF(B25 < 30, "Overweight", "Obesity"))) -> Obesity | M25: =IF(C25<5.7,"Normal", IF(C25<6.5,"Prediabetes", IF(C25<7,"Diabetes", "Diabetes"))) -> Diabetes
A26: Id25 | B26: 35.09 | C26: 4.38 | D26: yes | E26: No | F26: No | G26: 2 | H26: yes | J26: =IF(Table7[[#This Row],[smoker]]="?","No",Table7[[#This Row],[smoker]]) -> yes | K26: =IFERROR(VALUE(Table7[[#This Row],[NumberOfMajorSurgeries]]),0) -> 2 | L26: =IF(B26 < 18.5, "Underweight", IF(B26 < 25, "Normal Weight", IF(B26 < 30, "Overweight", "Obesity"))) -> Obesity | M26: =IF(C26<5.7,"Normal", IF(C26<6.5,"Prediabetes", IF(C26<7,"Diabetes", "Diabetes"))) -> Normal
A27: Id26 | B27: 33.88 | C27: 7.01 | D27: No | E27: No | F27: No | G27: 3 | H27: yes | J27: =IF(Table7[[#This Row],[smoker]]="?","No",Table7[[#This Row],[smoker]]) -> yes | K27: =IFERROR(VALUE(Table7[[#This Row],[NumberOfMajorSurgeries]]),0) -> 3 | L27: =IF(B27 < 18.5, "Underweight", IF(B27 < 25, "Normal Weight", IF(B27 < 30, "Overweight", "Obesity"))) -> Obesity | M27: =IF(C27<5.7,"Normal", IF(C27<6.5,"Prediabetes", IF(C27<7,"Diabetes", "Diabetes"))) -> Diabetes
A28: Id27 | B28: 30.875 | C28: 11.88 | D28: No | E28: No | F28: No | G28: No major surgery | H28: yes | J28: =IF(Table7[[#This Row],[smoker]]="?","No",Table7[[#This Row],[smoker]]) -> yes | K28: =IFERROR(VALUE(Table7[[#This Row],[NumberOfMajorSurgeries]]),0) -> 0 | L28: =IF(B28 < 18.5, "Underweight", IF(B28 < 25, "Normal Weight", IF(B28 < 30, "Overweight", "Obesity"))) -> Obesity | M28: =IF(C28<5.7,"Normal", IF(C28<6.5,"Prediabetes", IF(C28<7,"Diabetes", "Diabetes"))) -> Diabetes
A29: Id28 | B29: 36.86 | C29: 5.19 | D29: yes | E29: No | F29: Yes | G29: 1 | H29: yes | J29: =IF(Table7[[#This Row],[smoker]]="?","No",Table7[[#This Row],[smoker]]) -> yes | K29: =IFERROR(VALUE(Table7[[#This Row],[NumberOfMajorSurgeries]]),0) -> 1 | L29: =IF(B29 < 18.5, "Underweight", IF(B29 < 25, "Normal Weight", IF(B29 < 30, "Overweight", "Obesity"))) -> Obesity | M29: =IF(C29<5.7,"Normal", IF(C29<6.5,"Prediabetes", IF(C29<7,"Diabetes", "Diabetes"))) -> Normal
A30: Id29 | B30: 35.86 | C30: 6.74 | D30: yes | E30: No | F30: No | G30: 2 | H30: yes | J30: =IF(Table7[[#This Row],[smoker]]="?","No",Table7[[#This Row],[smoker]]) -> yes | K30: =IFERROR(VALUE(Table7[[#This Row],[NumberOfMajorSurgeries]]),0) -> 2 | L30: =IF(B30 < 18.5, "Underweight", IF(B30 < 25, "Normal Weight", IF(B30 < 30, "Overweight", "Obesity"))) -> Obesity | M30: =IF(C30<5.7,"Normal", IF(C30<6.5,"Prediabetes", IF(C30<7,"Diabetes", "Diabetes"))) -> Diabetes
A31: Id30 | B31: 37.05 | C31: 8.44 | D31: No | E31: No | F31: No | G31: No major surgery | H31: yes | J31: =IF(Table7[[#This Row],[smoker]]="?","No",Table7[[#This Row],[smoker]]) -> yes | K31: =IFERROR(VALUE(Table7[[#This Row],[NumberOfMajorSurgeries]]),0) -> 0 | L31: =IF(B31 < 18.5, "Underweight", IF(B31 < 25, "Normal Weight", IF(B31 < 30, "Overweight", "Obesity"))) -> Obesity | M31: =IF(C31<5.7,"Normal", IF(C31<6.5,"Prediabetes", IF(C31<7,"Diabetes", "Diabetes"))) -> Diabetes
A32: Id31 | B32: 43.89 | C32: 8.71 | D32: No | E32: No | F32: No | G32: No major surgery | H32: yes | J32: =IF(Table7[[#This Row],[smoker]]="?","No",Table7[[#This Row],[smoker]]) -> yes | K32: =IFERROR(VALUE(Table7[[#This Row],[NumberOfMajorSurgeries]]),0) -> 0 | L32: =IF(B32 < 18.5, "Underweight", IF(B32 < 25, "Normal Weight", IF(B32 < 30, "Overweight", "Obesity"))) -> Obesity | M32: =IF(C32<5.7,"Normal", IF(C32<6.5,"Prediabetes", IF(C32<7,"Diabetes", "Diabetes"))) -> Diabetes
A33: Id32 | B33: 42.35 | C33: 5.08 | D33: yes | E33: No | F33: No | G33: No major surgery | H33: yes | J33: =IF(Table7[[#This Row],[smoker]]="?","No",Table7[[#This Row],[smoker]]) -> yes | K33: =IFERROR(VALUE(Table7[[#This Row],[NumberOfMajorSurgeries]]),0) -> 0 | L33: =IF(B33 < 18.5, "Underweight", IF(B33 < 25, "Normal Weight", IF(B33 < 30, "Overweight", "Obesity"))) -> Obesity | M33: =IF(C33<5.7,"Normal", IF(C33<6.5,"Prediabetes", IF(C33<7,"Diabetes", "Diabetes"))) -> Normal
A34: Id33 | B34: 31.35 | C34: 6.86 | D34: No | E34: No | F34: No | G34: No major surgery | H34: yes | J34: =IF(Table7[[#This Row],[smoker]]="?","No",Table7[[#This Row],[smoker]]) -> yes | K34: =IFERROR(VALUE(Table7[[#This Row],[NumberOfMajorSurgeries]]),0) -> 0 | L34: =IF(B34 < 18.5, "Underweight", IF(B34 < 25, "Normal Weight", IF(B34 < 30, "Overweight", "Obesity"))) -> Obesity | M34: =IF(C34<5.7,"Normal", IF(C34<6.5,"Prediabetes", IF(C34<7,"Diabetes", "Diabetes"))) -> Diabetes
A35: Id34 | B35: 47.6 | C35: 5.95 | D35: yes | E35: No | F35: No | G35: No major surgery | H35: yes | J35: =IF(Table7[[#This Row],[smoker]]="?","No",Table7[[#This Row],[smoker]]) -> yes | K35: =IFERROR(VALUE(Table7[[#This Row],[NumberOfMajorSurgeries]]),0) -> 0 | L35: =IF(B35 < 18.5, "Underweight", IF(B35 < 25, "Normal Weight", IF(B35 < 30, "Overweight", "Obesity"))) -> Obesity | M35: =IF(C35<5.7,"Normal", IF(C35<6.5,"Prediabetes", IF(C35<7,"Diabetes", "Diabetes"))) -> Prediabetes
A36: Id35 | B36: 46.2 | C36: 6.09 | D36: No | E36: No | F36: Yes | G36: 1 | H36: yes | J36: =IF(Table7[[#This Row],[smoker]]="?","No",Table7[[#This Row],[smoker]]) -> yes | K36: =IFERROR(VALUE(Table7[[#This Row],[NumberOfMajorSurgeries]]),0) -> 1 | L36: =IF(B36 < 18.5, "Underweight", IF(B36 < 25, "Normal Weight", IF(B36 < 30, "Overweight", "Obesity"))) -> Obesity | M36: =IF(C36<5.7,"Normal", IF(C36<6.5,"Prediabetes", IF(C36<7,"Diabetes", "Diabetes"))) -> Prediabetes
A37: Id36 | B37: 32.015 | C37: 11.75 | D37: No | E37: No | F37: No | G37: No major surgery | H37: yes | J37: =IF(Table7[[#This Row],[smoker]]="?","No",Table7[[#This Row],[smoker]]) -> yes | K37: =IFERROR(VALUE(Table7[[#This Row],[NumberOfMajorSurgeries]]),0) -> 0 | L37: =IF(B37 < 18.5, "Underweight", IF(B37 < 25, "Normal Weight", IF(B37 < 30, "Overweight", "Obesity"))) -> Obesity | M37: =IF(C37<5.7,"Normal", IF(C37<6.5,"Prediabetes", IF(C37<7,"Diabetes", "Diabetes"))) -> Diabetes
A38: Id37 | B38: 40.565 | C38: 7.37 | D38: No | E38: No | F38: No | G38: No major surgery | H38: yes | J38: =IF(Table7[[#This Row],[smoker]]="?","No",Table7[[#This Row],[smoker]]) -> yes | K38: =IFERROR(VALUE(Table7[[#This Row],[NumberOfMajorSurgeries]]),0) -> 0 | L38: =IF(B38 < 18.5, "Underweight", IF(B38 < 25, "Normal Weight", IF(B38 < 30, "Overweight", "Obesity"))) -> Obesity | M38: =IF(C38<5.7,"Normal", IF(C38<6.5,"Prediabetes", IF(C38<7,"Diabetes", "Diabetes"))) -> Diabetes
A39: Id38 | B39: 32.45 | C39: 11.91 | D39: No | E39: No | F39: No | G39: No major surgery | H39: yes | J39: =IF(Table7[[#This Row],[smoker]]="?","No",Table7[[#This Row],[smoker]]) -> yes | K39: =IFERROR(VALUE(Table7[[#This Row],[NumberOfMajorSurgeries]]),0) -> 0 | L39: =IF(B39 < 18.5, "Underweight", IF(B39 < 25, "Normal Weight", IF(B39 < 30, "Overweight", "Obesity"))) -> Obesity | M39: =IF(C39<5.7,"Normal", IF(C39<6.5,"Prediabetes", IF(C39<7,"Diabetes", "Diabetes"))) -> Diabetes
A40: Id39 | B40: 34.96 | C40: 6.52 | D40: No | E40: No | F40: No | G40: No major surgery | H40: yes | J40: =IF(Table7[[#This Row],[smoker]]="?","No",Table7[[#This Row],[smoker]]) -> yes | K40: =IFERROR(VALUE(Table7[[#This Row],[NumberOfMajorSurgeries]]),0) -> 0 | L40: =IF(B40 < 18.5, "Underweight", IF(B40 < 25, "Normal Weight", IF(B40 < 30, "Overweight", "Obesity"))) -> Obesity | M40: =IF(C40<5.7,"Normal", IF(C40<6.5,"Prediabetes", IF(C40<7,"Diabetes", "Diabetes"))) -> Diabetes
A41: Id40 | B41: 35.5 | C41: 5.14 | D41: No | E41: No | F41: Yes | G41: 1 | H41: yes | J41: =IF(Table7[[#This Row],[smoker]]="?","No",Table7[[#This Row],[smoker]]) -> yes | K41: =IFERROR(VALUE(Table7[[#This Row],[NumberOfMajorSurgeries]]),0) -> 1 | L41: =IF(B41 < 18.5, "Underweight", IF(B41 < 25, "Normal Weight", IF(B41 < 30, "Overweight", "Obesity"))) -> Obesity | M41: =IF(C41<5.7,"Normal", IF(C41<6.5,"Prediabetes", IF(C41<7,"Diabetes", "Diabetes"))) -> Normal
A42: Id41 | B42: 52.58 | C42: 4.19 | D42: No | E42: yes | F42: No | G42: 1 | H42: yes | J42: =IF(Table7[[#This Row],[smoker]]="?","No",Table7[[#This Row],[smoker]]) -> yes | K42: =IFERROR(VALUE(Table7[[#This Row],[NumberOfMajorSurgeries]]),0) -> 1 | L42: =IF(B42 < 18.5, "Underweight", IF(B42 < 25, "Normal Weight", IF(B42 < 30, "Overweight", "Obesity"))) -> Obesity | M42: =IF(C42<5.7,"Normal", IF(C42<6.5,"Prediabetes", IF(C42<7,"Diabetes", "Diabetes"))) -> Normal
A43: Id42 | B43: 35.2 | C43: 11.68 | D43: yes | E43: No | F43: No | G43: No major surgery | H43: yes | J43: =IF(Table7[[#This Row],[smoker]]="?","No",Table7[[#This Row],[smoker]]) -> yes | K43: =IFERROR(VALUE(Table7[[#This Row],[NumberOfMajorSurgeries]]),0) -> 0 | L43: =IF(B43 < 18.5, "Underweight", IF(B43 < 25, "Normal Weight", IF(B43 < 30, "Overweight", "Obesity"))) -> Obesity | M43: =IF(C43<5.7,"Normal", IF(C43<6.5,"Prediabetes", IF(C43<7,"Diabetes", "Diabetes"))) -> Diabetes
A44: Id43 | B44: 38.06 | C44: 6.98 | D44: No | E44: No | F44: No | G44: No major surgery | H44: yes | J44: =IF(Table7[[#This Row],[smoker]]="?","No",Table7[[#This Row],[smoker]]) -> yes | K44: =IFERROR(VALUE(Table7[[#This Row],[NumberOfMajorSurgeries]]),0) -> 0 | L44: =IF(B44 < 18.5, "Underweight", IF(B44 < 25, "Normal Weight", IF(B44 < 30, "Overweight", "Obesity"))) -> Obesity | M44: =IF(C44<5.7,"Normal", IF(C44<6.5,"Prediabetes", IF(C44<7,"Diabetes", "Diabetes"))) -> Diabetes
A45: Id44 | B45: 34.21 | C45: 8.34 | D45: No | E45: No | F45: No | G45: No major surgery | H45: yes | J45: =IF(Table7[[#This Row],[smoker]]="?","No",Table7[[#This Row],[smoker]]) -> yes | K45: =IFERROR(VALUE(Table7[[#This Row],[NumberOfMajorSurgeries]]),0) -> 0 | L45: =IF(B45 < 18.5, "Underweight", IF(B45 < 25, "Normal Weight", IF(B45 < 30, "Overweight", "Obesity"))) -> Obesity | M45: =IF(C45<5.7,"Normal", IF(C45<6.5,"Prediabetes", IF(C45<7,"Diabetes", "Diabetes"))) -> Diabetes
A46: Id45 | B46: 38.94 | C46: 8.49 | D46: yes | E46: No | F46: No | G46: 1 | H46: yes | J46: =IF(Table7[[#This Row],[smoker]]="?","No",Table7[[#This Row],[smoker]]) -> yes | K46: =IFERROR(VALUE(Table7[[#This Row],[NumberOfMajorSurgeries]]),0) -> 1 | L46: =IF(B46 < 18.5, "Underweight", IF(B46 < 25, "Normal Weight", IF(B46 < 30, "Overweight", "Obesity"))) -> Obesity | M46: =IF(C46<5.7,"Normal", IF(C46<6.5,"Prediabetes", IF(C46<7,"Diabetes", "Diabetes"))) -> Diabetes
A47: Id46 | B47: 30.21 | C47: 5.34 | D47: yes | E47: No | F47: No | G47: 1 | H47: yes | J47: =IF(Table7[[#This Row],[smoker]]="?","No",Table7[[#This Row],[smoker]]) -> yes | K47: =IFERROR(VALUE(Table7[[#This Row],[NumberOfMajorSurgeries]]),0) -> 1 | L47: =IF(B47 < 18.5, "Underweight", IF(B47 < 25, "Normal Weight", IF(B47 < 30, "Overweight", "Obesity"))) -> Obesity | M47: =IF(C47<5.7,"Normal", IF(C47<6.5,"Prediabetes", IF(C47<7,"Diabetes", "Diabetes"))) -> Normal
A48: Id47 | B48: 33.63 | C48: 4.43 | D48: yes | E48: No | F48: No | G48: 2 | H48: yes | J48: =IF(Table7[[#This Row],[smoker]]="?","No",Table7[[#This Row],[smoker]]) -> yes | K48: =IFERROR(VALUE(Table7[[#This Row],[NumberOfMajorSurgeries]]),0) -> 2 | L48: =IF(B48 < 18.5, "Underweight", IF(B48 < 25, "Normal Weight", IF(B48 < 30, "Overweight", "Obesity"))) -> Obesity | M48: =IF(C48<5.7,"Normal", IF(C48<6.5,"Prediabetes", IF(C48<7,"Diabetes", "Diabetes"))) -> Normal
A49: Id48 | B49: 40.37 | C49: 4.47 | D49: No | E49: No | F49: No | G49: No major surgery | H49: yes | J49: =IF(Table7[[#This Row],[smoker]]="?","No",Table7[[#This Row],[smoker]]) -> yes | K49: =IFERROR(VALUE(Table7[[#This Row],[NumberOfMajorSurgeries]]),0) -> 0 | L49: =IF(B49 < 18.5, "Underweight", IF(B49 < 25, "Normal Weight", IF(B49 < 30, "Overweight", "Obesity"))) -> Obesity | M49: =IF(C49<5.7,"Normal", IF(C49<6.5,"Prediabetes", IF(C49<7,"Diabetes", "Diabetes"))) -> Normal
A50: Id49 | B50: 53.09 | C50: 4.82 | D50: yes | E50: No | F50: No | G50: 2 | H50: yes | J50: =IF(Table7[[#This Row],[smoker]]="?","No",Table7[[#This Row],[smoker]]) -> yes | K50: =IFERROR(VALUE(Table7[[#This Row],[NumberOfMajorSurgeries]]),0) -> 2 | L50: =IF(B50 < 18.5, "Underweight", IF(B50 < 25, "Normal Weight", IF(B50 < 30, "Overweight", "Obesity"))) -> Obesity | M50: =IF(C50<5.7,"Normal", IF(C50<6.5,"Prediabetes", IF(C50<7,"Diabetes", "Diabetes"))) -> Normal
A51: Id50 | B51: 31.79 | C51: 5.51 | D51: yes | E51: No | F51: No | G51: 2 | H51: yes | J51: =IF(Table7[[#This Row],[smoker]]="?","No",Table7[[#This Row],[smoker]]) -> yes | K51: =IFERROR(VALUE(Table7[[#This Row],[NumberOfMajorSurgeries]]),0) -> 2 | L51: =IF(B51 < 18.5, "Underweight", IF(B51 < 25, "Normal Weight", IF(B51 < 30, "Overweight", "Obesity"))) -> Obesity | M51: =IF(C51<5.7,"Normal", IF(C51<6.5,"Prediabetes", IF(C51<7,"Diabetes", "Diabetes"))) -> Normal
A52: Id51 | B52: 41.895 | C52: 10.87 | D52: yes | E52: No | F52: No | G52: 1 | H52: yes | J52: =IF(Table7[[#This Row],[smoker]]="?","No",Table7[[#This Row],[smoker]]) -> yes | K52: =IFERROR(VALUE(Table7[[#This Row],[NumberOfMajorSurgeries]]),0) -> 1 | L52: =IF(B52 < 18.5, "Underweight", IF(B52 < 25, "Normal Weight", IF(B52 < 30, "Overweight", "Obesity"))) -> Obesity | M52: =IF(C52<5.7,"Normal", IF(C52<6.5,"Prediabetes", IF(C52<7,"Diabetes", "Diabetes"))) -> Diabetes
A53: Id52 | B53: 31.16 | C53: 9.34 | D53: No | E53: No | F53: No | G53: No major surgery | H53: yes | J53: =IF(Table7[[#This Row],[smoker]]="?","No",Table7[[#This Row],[smoker]]) -> yes | K53: =IFERROR(VALUE(Table7[[#This Row],[NumberOfMajorSurgeries]]),0) -> 0 | L53: =IF(B53 < 18.5, "Underweight", IF(B53 < 25, "Normal Weight", IF(B53 < 30, "Overweight", "Obesity"))) -> Obesity | M53: =IF(C53<5.7,"Normal", IF(C53<6.5,"Prediabetes", IF(C53<7,"Diabetes", "Diabetes"))) -> Diabetes
A54: Id53 | B54: 34.105 | C54: 5.03 | D54: yes | E54: No | F54: Yes | G54: 1 | H54: yes | J54: =IF(Table7[[#This Row],[smoker]]="?","No",Table7[[#This Row],[smoker]]) -> yes | K54: =IFERROR(VALUE(Table7[[#This Row],[NumberOfMajorSurgeries]]),0) -> 1 | L54: =IF(B54 < 18.5, "Underweight", IF(B54 < 25, "Normal Weight", IF(B54 < 30, "Overweight", "Obesity"))) -> Obesity | M54: =IF(C54<5.7,"Normal", IF(C54<6.5,"Prediabetes", IF(C54<7,"Diabetes", "Diabetes"))) -> Normal
A55: Id54 | B55: 51.93 | C55: 11.05 | D55: No | E55: No | F55: No | G55: No major surgery | H55: yes | J55: =IF(Table7[[#This Row],[smoker]]="?","No",Table7[[#This Row],[smoker]]) -> yes | K55: =IFERROR(VALUE(Table7[[#This Row],[NumberOfMajorSurgeries]]),0) -> 0 | L55: =IF(B55 < 18.5, "Underweight", IF(B55 < 25, "Normal Weight", IF(B55 < 30, "Overweight", "Obesity"))) -> Obesity | M55: =IF(C55<5.7,"Normal", IF(C55<6.5,"Prediabetes", IF(C55<7,"Diabetes", "Diabetes"))) -> Diabetes
A56: Id55 | B56: 38.95 | C56: 11.95 | D56: No | E56: No | F56: No | G56: No major surgery | H56: yes | J56: =IF(Table7[[#This Row],[smoker]]="?","No",Table7[[#This Row],[smoker]]) -> yes | K56: =IFERROR(VALUE(Table7[[#This Row],[NumberOfMajorSurgeries]]),0) -> 0 | L56: =IF(B56 < 18.5, "Underweight", IF(B56 < 25, "Normal Weight", IF(B56 < 30, "Overweight", "Obesity"))) -> Obesity | M56: =IF(C56<5.7,"Normal", IF(C56<6.5,"Prediabetes", IF(C56<7,"Diabetes", "Diabetes"))) -> Diabetes
A57: Id56 | B57: 36.63 | C57: 7.72 | D57: yes | E57: No | F57: No | G57: 1 | H57: yes | J57: =IF(Table7[[#This Row],[smoker]]="?","No",Table7[[#This Row],[smoker]]) -> yes | K57: =IFERROR(VALUE(Table7[[#This Row],[NumberOfMajorSurgeries]]),0) -> 1 | L57: =IF(B57 < 18.5, "Underweight", IF(B57 < 25, "Normal Weight", IF(B57 < 30, "Overweight", "Obesity"))) -> Obesity | M57: =IF(C57<5.7,"Normal", IF(C57<6.5,"Prediabetes", IF(C57<7,"Diabetes", "Diabetes"))) -> Diabetes
A58: Id57 | B58: 34.2 | C58: 5.75 | D58: No | E58: No | F58: No | G58: 2 | H58: yes | J58: =IF(Table7[[#This Row],[smoker]]="?","No",Table7[[#This Row],[smoker]]) -> yes | K58: =IFERROR(VALUE(Table7[[#This Row],[NumberOfMajorSurgeries]]),0) -> 2 | L58: =IF(B58 < 18.5, "Underweight", IF(B58 < 25, "Normal Weight", IF(B58 < 30, "Overweight", "Obesity"))) -> Obesity | M58: =IF(C58<5.7,"Normal", IF(C58<6.5,"Prediabetes", IF(C58<7,"Diabetes", "Diabetes"))) -> Prediabetes
A59: Id58 | B59: 50.63 | C59: 11.89 | D59: No | E59: No | F59: No | G59: No major surgery | H59: yes | J59: =IF(Table7[[#This Row],[smoker]]="?","No",Table7[[#This Row],[smoker]]) -> yes | K59: =IFERROR(VALUE(Table7[[#This Row],[NumberOfMajorSurgeries]]),0) -> 0 | L59: =IF(B59 < 18.5, "Underweight", IF(B59 < 25, "Normal Weight", IF(B59 < 30, "Overweight", "Obesity"))) -> Obesity | M59: =IF(C59<5.7,"Normal", IF(C59<6.5,"Prediabetes", IF(C59<7,"Diabetes", "Diabetes"))) -> Diabetes
A60: Id59 | B60: 36.48 | C60: 6.2 | D60: No | E60: No | F60: No | G60: No major surgery | H60: yes | J60: =IF(Table7[[#This Row],[smoker]]="?","No",Table7[[#This Row],[smoker]]) -> yes | K60: =IFERROR(VALUE(Table7[[#This Row],[NumberOfMajorSurgeries]]),0) -> 0 | L60: =IF(B60 < 18.5, "Underweight", IF(B60 < 25, "Normal Weight", IF(B60 < 30, "Overweight", "Obesity"))) -> Obesity | M60: =IF(C60<5.7,"Normal", IF(C60<6.5,"Prediabetes", IF(C60<7,"Diabetes", "Diabetes"))) -> Prediabetes
A61: Id60 | B61: 54.82 | C61: 10.61 | D61: No | E61: No | F61: No | G61: No major surgery | H61: yes | J61: =IF(Table7[[#This Row],[smoker]]="?","No",Table7[[#This Row],[smoker]]) -> yes | K61: =IFERROR(VALUE(Table7[[#This Row],[NumberOfMajorSurgeries]]),0) -> 0 | L61: =IF(B61 < 18.5, "Underweight", IF(B61 < 25, "Normal Weight", IF(B61 < 30, "Overweight", "Obesity"))) -> Obesity | M61: =IF(C61<5.7,"Normal", IF(C61<6.5,"Prediabetes", IF(C61<7,"Diabetes", "Diabetes"))) -> Diabetes
A62: Id61 | B62: 38.06 | C62: 6.04 | D62: No | E62: No | F62: Yes | G62: 1 | H62: yes | J62: =IF(Table7[[#This Row],[smoker]]="?","No",Table7[[#This Row],[smoker]]) -> yes | K62: =IFERROR(VALUE(Table7[[#This Row],[NumberOfMajorSurgeries]]),0) -> 1 | L62: =IF(B62 < 18.5, "Underweight", IF(B62 < 25, "Normal Weight", IF(B62 < 30, "Overweight", "Obesity"))) -> Obesity | M62: =IF(C62<5.7,"Normal", IF(C62<6.5,"Prediabetes", IF(C62<7,"Diabetes", "Diabetes"))) -> Prediabetes
A63: Id62 | B63: 51.48 | C63: 9.33 | D63: yes | E63: No | F63: No | G63: No major surgery | H63: yes | J63: =IF(Table7[[#This Row],[smoker]]="?","No",Table7[[#This Row],[smoker]]) -> yes | K63: =IFERROR(VALUE(Table7[[#This Row],[NumberOfMajorSurgeries]]),0) -> 0 | L63: =IF(B63 < 18.5, "Underweight", IF(B63 < 25, "Normal Weight", IF(B63 < 30, "Overweight", "Obesity"))) -> Obesity | M63: =IF(C63<5.7,"Normal", IF(C63<6.5,"Prediabetes", IF(C63<7,"Diabetes", "Diabetes"))) -> Diabetes
A64: Id63 | B64: 52.06 | C64: 11.47 | D64: No | E64: No | F64: No | G64: No major surgery | H64: yes | J64: =IF(Table7[[#This Row],[smoker]]="?","No",Table7[[#This Row],[smoker]]) -> yes | K64: =IFERROR(VALUE(Table7[[#This Row],[NumberOfMajorSurgeries]]),0) -> 0 | L64: =IF(B64 < 18.5, "Underweight", IF(B64 < 25, "Normal Weight", IF(B64 < 30, "Overweight", "Obesity"))) -> Obesity | M64: =IF(C64<5.7,"Normal", IF(C64<6.5,"Prediabetes", IF(C64<7,"Diabetes", "Diabetes"))) -> Diabetes
A65: Id64 | B65: 30.685 | C65: 7.02 | D65: yes | E65: No | F65: No | G65: No major surgery | H65: yes | J65: =IF(Table7[[#This Row],[smoker]]="?","No",Table7[[#This Row],[smoker]]) -> yes | K65: =IFERROR(VALUE(Table7[[#This Row],[NumberOfMajorSurgeries]]),0) -> 0 | L65: =IF(B65 < 18.5, "Underweight", IF(B65 < 25, "Normal Weight", IF(B65 < 30, "Overweight", "Obesity"))) -> Obesity | M65: =IF(C65<5.7,"Normal", IF(C65<6.5,"Prediabetes", IF(C65<7,"Diabetes", "Diabetes"))) -> Diabetes
A66: Id65 | B66: 36.08 | C66: 8.8 | D66: yes | E66: No | F66: No | G66: 1 | H66: yes | J66: =IF(Table7[[#This Row],[smoker]]="?","No",Table7[[#This Row],[smoker]]) -> yes | K66: =IFERROR(VALUE(Table7[[#This Row],[NumberOfMajorSurgeries]]),0) -> 1 | L66: =IF(B66 < 18.5, "Underweight", IF(B66 < 25, "Normal Weight", IF(B66 < 30, "Overweight", "Obesity"))) -> Obesity | M66: =IF(C66<5.7,"Normal", IF(C66<6.5,"Prediabetes", IF(C66<7,"Diabetes", "Diabetes"))) -> Diabetes
A67: Id66 | B67: 54.99 | C67: 8.68 | D67: No | E67: No | F67: No | G67: 2 | H67: yes | J67: =IF(Table7[[#This Row],[smoker]]="?","No",Table7[[#This Row],[smoker]]) -> yes | K67: =IFERROR(VALUE(Table7[[#This Row],[NumberOfMajorSurgeries]]),0) -> 2 | L67: =IF(B67 < 18.5, "Underweight", IF(B67 < 25, "Normal Weight", IF(B67 < 30, "Overweight", "Obesity"))) -> Obesity | M67: =IF(C67<5.7,"Normal", IF(C67<6.5,"Prediabetes", IF(C67<7,"Diabetes", "Diabetes"))) -> Diabetes
A68: Id67 | B68: 35.97 | C68: 6.12 | D68: No | E68: No | F68: Yes | G68: 1 | H68: yes | J68: =IF(Table7[[#This Row],[smoker]]="?","No",Table7[[#This Row],[smoker]]) -> yes | K68: =IFERROR(VALUE(Table7[[#This Row],[NumberOfMajorSurgeries]]),0) -> 1 | L68: =IF(B68 < 18.5, "Underweight", IF(B68 < 25, "Normal Weight", IF(B68 < 30, "Overweight", "Obesity"))) -> Obesity | M68: =IF(C68<5.7,"Normal", IF(C68<6.5,"Prediabetes", IF(C68<7,"Diabetes", "Diabetes"))) -> Prediabetes
A69: Id68 | B69: 45.54 | C69: 5.4 | D69: yes | E69: No | F69: Yes | G69: 1 | H69: yes | J69: =IF(Table7[[#This Row],[smoker]]="?","No",Table7[[#This Row],[smoker]]) -> yes | K69: =IFERROR(VALUE(Table7[[#This Row],[NumberOfMajorSurgeries]]),0) -> 1 | L69: =IF(B69 < 18.5, "Underweight", IF(B69 < 25, "Normal Weight", IF(B69 < 30, "Overweight", "Obesity"))) -> Obesity | M69: =IF(C69<5.7,"Normal", IF(C69<6.5,"Prediabetes", IF(C69<7,"Diabetes", "Diabetes"))) -> Normal
A70: Id69 | B70: 35.53 | C70: 4.36 | D70: yes | E70: No | F70: No | G70: No major surgery | H70: yes | J70: =IF(Table7[[#This Row],[smoker]]="?","No",Table7[[#This Row],[smoker]]) -> yes | K70: =IFERROR(VALUE(Table7[[#This Row],[NumberOfMajorSurgeries]]),0) -> 0 | L70: =IF(B70 < 18.5, "Underweight", IF(B70 < 25, "Normal Weight", IF(B70 < 30, "Overweight", "Obesity"))) -> Obesity | M70: =IF(C70<5.7,"Normal", IF(C70<6.5,"Prediabetes", IF(C70<7,"Diabetes", "Diabetes"))) -> Normal
A71: Id70 | B71: 30.8 | C71: 9.77 | D71: No | E71: No | F71: No | G71: No major surgery | H71: yes | J71: =IF(Table7[[#This Row],[smoker]]="?","No",Table7[[#This Row],[smoker]]) -> yes | K71: =IFERROR(VALUE(Table7[[#This Row],[NumberOfMajorSurgeries]]),0) -> 0 | L71: =IF(B71 < 18.5, "Underweight", IF(B71 < 25, "Normal Weight", IF(B71 < 30, "Overweight", "Obesity"))) -> Obesity | M71: =IF(C71<5.7,"Normal", IF(C71<6.5,"Prediabetes", IF(C71<7,"Diabetes", "Diabetes"))) -> Diabetes
A72: Id71 | B72: 38.39 | C72: 4.25 | D72: No | E72: No | F72: No | G72: 1 | H72: yes | J72: =IF(Table7[[#This Row],[smoker]]="?","No",Table7[[#This Row],[smoker]]) -> yes | K72: =IFERROR(VALUE(Table7[[#This Row],[NumberOfMajorSurgeries]]),0) -> 1 | L72: =IF(B72 < 18.5, "Underweight", IF(B72 < 25, "Normal Weight", IF(B72 < 30, "Overweight", "Obesity"))) -> Obesity | M72: =IF(C72<5.7,"Normal", IF(C72<6.5,"Prediabetes", IF(C72<7,"Diabetes", "Diabetes"))) -> Normal
A73: Id72 | B73: 32.3 | C73: 4.76 | D73: No | E73: No | F73: No | G73: 2 | H73: yes | J73: =IF(Table7[[#This Row],[smoker]]="?","No",Table7[[#This Row],[smoker]]) -> yes | K73: =IFERROR(VALUE(Table7[[#This Row],[NumberOfMajorSurgeries]]),0) -> 2 | L73: =IF(B73 < 18.5, "Underweight", IF(B73 < 25, "Normal Weight", IF(B73 < 30, "Overweight", "Obesity"))) -> Obesity | M73: =IF(C73<5.7,"Normal", IF(C73<6.5,"Prediabetes", IF(C73<7,"Diabetes", "Diabetes"))) -> Normal
A74: Id73 | B74: 48.8 | C74: 6.22 | D74: yes | E74: No | F74: No | G74: 2 | H74: yes | J74: =IF(Table7[[#This Row],[smoker]]="?","No",Table7[[#This Row],[smoker]]) -> yes | K74: =IFERROR(VALUE(Table7[[#This Row],[NumberOfMajorSurgeries]]),0) -> 2 | L74: =IF(B74 < 18.5, "Underweight", IF(B74 < 25, "Normal Weight", IF(B74 < 30, "Overweight", "Obesity"))) -> Obesity | M74: =IF(C74<5.7,"Normal", IF(C74<6.5,"Prediabetes", IF(C74<7,"Diabetes", "Diabetes"))) -> Prediabetes
A75: Id74 | B75: 45.5 | C75: 7.96 | D75: No | E75: No | F75: No | G75: No major surgery | H75: yes | J75: =IF(Table7[[#This Row],[smoker]]="?","No",Table7[[#This Row],[smoker]]) -> yes | K75: =IFERROR(VALUE(Table7[[#This Row],[NumberOfMajorSurgeries]]),0) -> 0 | L75: =IF(B75 < 18.5, "Underweight", IF(B75 < 25, "Normal Weight", IF(B75 < 30, "Overweight", "Obesity"))) -> Obesity | M75: =IF(C75<5.7,"Normal", IF(C75<6.5,"Prediabetes", IF(C75<7,"Diabetes", "Diabetes"))) -> Diabetes
A76: Id75 | B76: 53.61 | C76: 10.92 | D76: yes | E76: No | F76: No | G76: 1 | H76: yes | J76: =IF(Table7[[#This Row],[smoker]]="?","No",Table7[[#This Row],[smoker]]) -> yes | K76: =IFERROR(VALUE(Table7[[#This Row],[NumberOfMajorSurgeries]]),0) -> 1 | L76: =IF(B76 < 18.5, "Underweight", IF(B76 < 25, "Normal Weight", IF(B76 < 30, "Overweight", "Obesity"))) -> Obesity | M76: =IF(C76<5.7,"Normal", IF(C76<6.5,"Prediabetes", IF(C76<7,"Diabetes", "Diabetes"))) -> Diabetes
A77: Id76 | B77: 36.19 | C77: 11.51 | D77: yes | E77: No | F77: No | G77: 1 | H77: yes | J77: =IF(Table7[[#This Row],[smoker]]="?","No",Table7[[#This Row],[smoker]]) -> yes | K77: =IFERROR(VALUE(Table7[[#This Row],[NumberOfMajorSurgeries]]),0) -> 1 | L77: =IF(B77 < 18.5, "Underweight", IF(B77 < 25, "Normal Weight", IF(B77 < 30, "Overweight", "Obesity"))) -> Obesity | M77: =IF(C77<5.7,"Normal", IF(C77<6.5,"Prediabetes", IF(C77<7,"Diabetes", "Diabetes"))) -> Diabetes
A78: Id77 | B78: 34.6 | C78: 5.99 | D78: yes | E78: No | F78: No | G78: No major surgery | H78: yes | J78: =IF(Table7[[#This Row],[smoker]]="?","No",Table7[[#This Row],[smoker]]) -> yes | K78: =IFERROR(VALUE(Table7[[#This Row],[NumberOfMajorSurgeries]]),0) -> 0 | L78: =IF(B78 < 18.5, "Underweight", IF(B78 < 25, "Normal Weight", IF(B78 < 30, "Overweight", "Obesity"))) -> Obesity | M78: =IF(C78<5.7,"Normal", IF(C78<6.5,"Prediabetes", IF(C78<7,"Diabetes", "Diabetes"))) -> Prediabetes
A79: Id78 | B79: 54.12 | C79: 11.57 | D79: No | E79: No | F79: No | G79: No major surgery | H79: yes | J79: =IF(Table7[[#This Row],[smoker]]="?","No",Table7[[#This Row],[smoker]]) -> yes | K79: =IFERROR(VALUE(Table7[[#This Row],[NumberOfMajorSurgeries]]),0) -> 0 | L79: =IF(B79 < 18.5, "Underweight", IF(B79 < 25, "Normal Weight", IF(B79 < 30, "Overweight", "Obesity"))) -> Obesity | M79: =IF(C79<5.7,"Normal", IF(C79<6.5,"Prediabetes", IF(C79<7,"Diabetes", "Diabetes"))) -> Diabetes
A80: Id79 | B80: 48.82 | C80: 6.67 | D80: yes | E80: No | F80: No | G80: No major surgery | H80: yes | J80: =IF(Table7[[#This Row],[smoker]]="?","No",Table7[[#This Row],[smoker]]) -> yes | K80: =IFERROR(VALUE(Table7[[#This Row],[NumberOfMajorSurgeries]]),0) -> 0 | L80: =IF(B80 < 18.5, "Underweight", IF(B80 < 25, "Normal Weight", IF(B80 < 30, "Overweight", "Obesity"))) -> Obesity | M80: =IF(C80<5.7,"Normal", IF(C80<6.5,"Prediabetes", IF(C80<7,"Diabetes", "Diabetes"))) -> Diabetes
A81: Id80 | B81: 51.01 | C81: 9.2 | D81: No | E81: No | F81: No | G81: No major surgery | H81: yes | J81: =IF(Table7[[#This Row],[smoker]]="?","No",Table7[[#This Row],[smoker]]) -> yes | K81: =IFERROR(VALUE(Table7[[#This Row],[NumberOfMajorSurgeries]]),0) -> 0 | L81: =IF(B81 < 18.5, "Underweight", IF(B81 < 25, "Normal Weight", IF(B81 < 30, "Overweight", "Obesity"))) -> Obesity | M81: =IF(C81<5.7,"Normal", IF(C81<6.5,"Prediabetes", IF(C81<7,"Diabetes", "Diabetes"))) -> Diabetes
A82: Id81 | B82: 45.65 | C82: 5.11 | D82: yes | E82: No | F82: No | G82: 1 | H82: yes | J82: =IF(Table7[[#This Row],[smoker]]="?","No",Table7[[#This Row],[smoker]]) -> yes | K82: =IFERROR(VALUE(Table7[[#This Row],[NumberOfMajorSurgeries]]),0) -> 1 | L82: =IF(B82 < 18.5, "Underweight", IF(B82 < 25, "Normal Weight", IF(B82 < 30, "Overweight", "Obesity"))) -> Obesity | M82: =IF(C82<5.7,"Normal", IF(C82<6.5,"Prediabetes", IF(C82<7,"Diabetes", "Diabetes"))) -> Normal
A83: Id82 | B83: 52.9 | C83: 5.34 | D83: No | E83: No | F83: No | G83: No major surgery | H83: yes | J83: =IF(Table7[[#This Row],[smoker]]="?","No",Table7[[#This Row],[smoker]]) -> yes | K83: =IFERROR(VALUE(Table7[[#This Row],[NumberOfMajorSurgeries]]),0) -> 0 | L83: =IF(B83 < 18.5, "Underweight", IF(B83 < 25, "Normal Weight", IF(B83 < 30, "Overweight", "Obesity"))) -> Obesity | M83: =IF(C83<5.7,"Normal", IF(C83<6.5,"Prediabetes", IF(C83<7,"Diabetes", "Diabetes"))) -> Normal
A84: Id83 | B84: 45.41 | C84: 4.03 | D84: yes | E84: No | F84: No | G84: 1 | H84: yes | J84: =IF(Table7[[#This Row],[smoker]]="?","No",Table7[[#This Row],[smoker]]) -> yes | K84: =IFERROR(VALUE(Table7[[#This Row],[NumberOfMajorSurgeries]]),0) -> 1 | L84: =IF(B84 < 18.5, "Underweight", IF(B84 < 25, "Normal Weight", IF(B84 < 30, "Overweight", "Obesity"))) -> Obesity | M84: =IF(C84<5.7,"Normal", IF(C84<6.5,"Prediabetes", IF(C84<7,"Diabetes", "Diabetes"))) -> Normal
A85: Id84 | B85: 49.41 | C85: 4.23 | D85: yes | E85: No | F85: Yes | G85: 1 | H85: yes | J85: =IF(Table7[[#This Row],[smoker]]="?","No",Table7[[#This Row],[smoker]]) -> yes | K85: =IFERROR(VALUE(Table7[[#This Row],[NumberOfMajorSurgeries]]),0) -> 1 | L85: =IF(B85 < 18.5, "Underweight", IF(B85 < 25, "Normal Weight", IF(B85 < 30, "Overweight", "Obesity"))) -> Obesity | M85: =IF(C85<5.7,"Normal", IF(C85<6.5,"Prediabetes", IF(C85<7,"Diabetes", "Diabetes"))) -> Normal
A86: Id85 | B86: 31.825 | C86: 4.06 | D86: No | E86: No | F86: No | G86: 2 | H86: yes | J86: =IF(Table7[[#This Row],[smoker]]="?","No",Table7[[#This Row],[smoker]]) -> yes | K86: =IFERROR(VALUE(Table7[[#This Row],[NumberOfMajorSurgeries]]),0) -> 2 | L86: =IF(B86 < 18.5, "Underweight", IF(B86 < 25, "Normal Weight", IF(B86 < 30, "Overweight", "Obesity"))) -> Obesity | M86: =IF(C86<5.7,"Normal", IF(C86<6.5,"Prediabetes", IF(C86<7,"Diabetes", "Diabetes"))) -> Normal
A87: Id86 | B87: 51.28 | C87: 4.68 | D87: No | E87: No | F87: No | G87: 2 | H87: yes | J87: =IF(Table7[[#This Row],[smoker]]="?","No",Table7[[#This Row],[smoker]]) -> yes | K87: =IFERROR(VALUE(Table7[[#This Row],[NumberOfMajorSurgeries]]),0) -> 2 | L87: =IF(B87 < 18.5, "Underweight", IF(B87 < 25, "Normal Weight", IF(B87 < 30, "Overweight", "Obesity"))) -> Obesity | M87: =IF(C87<5.7,"Normal", IF(C87<6.5,"Prediabetes", IF(C87<7,"Diabetes", "Diabetes"))) -> Normal
A88: Id87 | B88: 34.96 | C88: 4.34 | D88: No | E88: No | F88: Yes | G88: 1 | H88: yes | J88: =IF(Table7[[#This Row],[smoker]]="?","No",Table7[[#This Row],[smoker]]) -> yes | K88: =IFERROR(VALUE(Table7[[#This Row],[NumberOfMajorSurgeries]]),0) -> 1 | L88: =IF(B88 < 18.5, "Underweight", IF(B88 < 25, "Normal Weight", IF(B88 < 30, "Overweight", "Obesity"))) -> Obesity | M88: =IF(C88<5.7,"Normal", IF(C88<6.5,"Prediabetes", IF(C88<7,"Diabetes", "Diabetes"))) -> Normal
A89: Id88 | B89: 33.11 | C89: 10.51 | D89: No | E89: No | F89: No | G89: No major surgery | H89: yes | J89: =IF(Table7[[#This Row],[smoker]]="?","No",Table7[[#This Row],[smoker]]) -> yes | K89: =IFERROR(VALUE(Table7[[#This Row],[NumberOfMajorSurgeries]]),0) -> 0 | L89: =IF(B89 < 18.5, "Underweight", IF(B89 < 25, "Normal Weight", IF(B89 < 30, "Overweight", "Obesity"))) -> Obesity | M89: =IF(C89<5.7,"Normal", IF(C89<6.5,"Prediabetes", IF(C89<7,"Diabetes", "Diabetes"))) -> Diabetes
A90: Id89 | B90: 54.74 | C90: 5.84 | D90: yes | E90: No | F90: Yes | G90: 1 | H90: yes | J90: =IF(Table7[[#This Row],[smoker]]="?","No",Table7[[#This Row],[smoker]]) -> yes | K90: =IFERROR(VALUE(Table7[[#This Row],[NumberOfMajorSurgeries]]),0) -> 1 | L90: =IF(B90 < 18.5, "Underweight", IF(B90 < 25, "Normal Weight", IF(B90 < 30, "Overweight", "Obesity"))) -> Obesity | M90: =IF(C90<5.7,"Normal", IF(C90<6.5,"Prediabetes", IF(C90<7,"Diabetes", "Diabetes"))) -> Prediabetes
A91: Id90 | B91: 32.56 | C91: 5.41 | D91: No | E91: No | F91: Yes | G91: 1 | H91: yes | J91: =IF(Table7[[#This Row],[smoker]]="?","No",Table7[[#This Row],[smoker]]) -> yes | K91: =IFERROR(VALUE(Table7[[#This Row],[NumberOfMajorSurgeries]]),0) -> 1 | L91: =IF(B91 < 18.5, "Underweight", IF(B91 < 25, "Normal Weight", IF(B91 < 30, "Overweight", "Obesity"))) -> Obesity | M91: =IF(C91<5.7,"Normal", IF(C91<6.5,"Prediabetes", IF(C91<7,"Diabetes", "Diabetes"))) -> Normal
A92: Id91 | B92: 39.05 | C92: 6.06 | D92: No | E92: No | F92: No | G92: 1 | H92: yes | J92: =IF(Table7[[#This Row],[smoker]]="?","No",Table7[[#This Row],[smoker]]) -> yes | K92: =IFERROR(VALUE(Table7[[#This Row],[NumberOfMajorSurgeries]]),0) -> 1 | L92: =IF(B92 < 18.5, "Underweight", IF(B92 < 25, "Normal Weight", IF(B92 < 30, "Overweight", "Obesity"))) -> Obesity | M92: =IF(C92<5.7,"Normal", IF(C92<6.5,"Prediabetes", IF(C92<7,"Diabetes", "Diabetes"))) -> Prediabetes
A93: Id92 | B93: 42.75 | C93: 4.22 | D93: No | E93: No | F93: No | G93: No major surgery | H93: yes | J93: =IF(Table7[[#This Row],[smoker]]="?","No",Table7[[#This Row],[smoker]]) -> yes | K93: =IFERROR(VALUE(Table7[[#This Row],[NumberOfMajorSurgeries]]),0) -> 0 | L93: =IF(B93 < 18.5, "Underweight", IF(B93 < 25, "Normal Weight", IF(B93 < 30, "Overweight", "Obesity"))) -> Obesity | M93: =IF(C93<5.7,"Normal", IF(C93<6.5,"Prediabetes", IF(C93<7,"Diabetes", "Diabetes"))) -> Normal
A94: Id93 | B94: 50.58 | C94: 5.12 | D94: No | E94: No | F94: No | G94: 2 | H94: yes | J94: =IF(Table7[[#This Row],[smoker]]="?","No",Table7[[#This Row],[smoker]]) -> yes | K94: =IFERROR(VALUE(Table7[[#This Row],[NumberOfMajorSurgeries]]),0) -> 2 | L94: =IF(B94 < 18.5, "Underweight", IF(B94 < 25, "Normal Weight", IF(B94 < 30, "Overweight", "Obesity"))) -> Obesity | M94: =IF(C94<5.7,"Normal", IF(C94<6.5,"Prediabetes", IF(C94<7,"Diabetes", "Diabetes"))) -> Normal
A95: Id94 | B95: 30.495 | C95: 4.57 | D95: yes | E95: No | F95: No | G95: No major surgery | H95: yes | J95: =IF(Table7[[#This Row],[smoker]]="?","No",Table7[[#This Row],[smoker]]) -> yes | K95: =IFERROR(VALUE(Table7[[#This Row],[NumberOfMajorSurgeries]]),0) -> 0 | L95: =IF(B95 < 18.5, "Underweight", IF(B95 < 25, "Normal Weight", IF(B95 < 30, "Overweight", "Obesity"))) -> Obesity | M95: =IF(C95<5.7,"Normal", IF(C95<6.5,"Prediabetes", IF(C95<7,"Diabetes", "Diabetes"))) -> Normal
A96: Id95 | B96: 48.31 | C96: 9.58 | D96: yes | E96: No | F96: No | G96: 2 | H96: yes | J96: =IF(Table7[[#This Row],[smoker]]="?","No",Table7[[#This Row],[smoker]]) -> yes | K96: =IFERROR(VALUE(Table7[[#This Row],[NumberOfMajorSurgeries]]),0) -> 2 | L96: =IF(B96 < 18.5, "Underweight", IF(B96 < 25, "Normal Weight", IF(B96 < 30, "Overweight", "Obesity"))) -> Obesity | M96: =IF(C96<5.7,"Normal", IF(C96<6.5,"Prediabetes", IF(C96<7,"Diabetes", "Diabetes"))) -> Diabetes
A97: Id96 | B97: 48.99 | C97: 9.78 | D97: yes | E97: No | F97: No | G97: 1 | H97: yes | J97: =IF(Table7[[#This Row],[smoker]]="?","No",Table7[[#This Row],[smoker]]) -> yes | K97: =IFERROR(VALUE(Table7[[#This Row],[NumberOfMajorSurgeries]]),0) -> 1 | L97: =IF(B97 < 18.5, "Underweight", IF(B97 < 25, "Normal Weight", IF(B97 < 30, "Overweight", "Obesity"))) -> Obesity | M97: =IF(C97<5.7,"Normal", IF(C97<6.5,"Prediabetes", IF(C97<7,"Diabetes", "Diabetes"))) -> Diabetes
A98: Id97 | B98: 38.39 | C98: 4.11 | D98: yes | E98: No | F98: No | G98: No major surgery | H98: yes | J98: =IF(Table7[[#This Row],[smoker]]="?","No",Table7[[#This Row],[smoker]]) -> yes | K98: =IFERROR(VALUE(Table7[[#This Row],[NumberOfMajorSurgeries]]),0) -> 0 | L98: =IF(B98 < 18.5, "Underweight", IF(B98 < 25, "Normal Weight", IF(B98 < 30, "Overweight", "Obesity"))) -> Obesity | M98: =IF(C98<5.7,"Normal", IF(C98<6.5,"Prediabetes", IF(C98<7,"Diabetes", "Diabetes"))) -> Normal
A99: Id98 | B99: 44.34 | C99: 4.02 | D99: yes | E99: No | F99: No | G99: 2 | H99: yes | J99: =IF(Table7[[#This Row],[smoker]]="?","No",Table7[[#This Row],[smoker]]) -> yes | K99: =IFERROR(VALUE(Table7[[#This Row],[NumberOfMajorSurgeries]]),0) -> 2 | L99: =IF(B99 < 18.5, "Underweight", IF(B99 < 25, "Normal Weight", IF(B99 < 30, "Overweight", "Obesity"))) -> Obesity | M99: =IF(C99<5.7,"Normal", IF(C99<6.5,"Prediabetes", IF(C99<7,"Diabetes", "Diabetes"))) -> Normal
A100: Id99 | B100: 41.51 | C100: 6.92 | D100: No | E100: No | F100: No | G100: No major surgery | H100: yes | J100: =IF(Table7[[#This Row],[smoker]]="?","No",Table7[[#This Row],[smoker]]) -> yes | K100: =IFERROR(VALUE(Table7[[#This Row],[NumberOfMajorSurgeries]]),0) -> 0 | L100: =IF(B100 < 18.5, "Underweight", IF(B100 < 25, "Normal Weight", IF(B100 < 30, "Overweight", "Obesity"))) -> Obesity | M100: =IF(C100<5.7,"Normal", IF(C100<6.5,"Prediabetes", IF(C100<7,"Diabetes", "Diabetes"))) -> Diabetes
...

Sheet Hospitalisation Details
A1: Customer ID | B1: year | C1: month | D1: date | E1: children | F1: charges | G1: Hospital tier | H1: City tier | I1: State ID | L1: Year Imputed | M1: Month Imputed | N1: Hospital tier imputer | O1: City tier imputed | P1: State ID Imputed | Q1: Date of Birth | R1: Age
A2: Id2335 | B2: 1992 | C2: Jul | D2: 9 | E2: 0 | F2: 563.84 | G2: tier - 2 | H2: tier - 3 | I2: R1013 | L2: 1992 | M2: Jul | N2: tier - 2 | O2: tier - 3 | P2: R1013 | Q2: =CONCATENATE(Table1[[#This Row],[date]],"-",M2,"-",L2) -> 9-Jul-1992 | R2: =YEARFRAC(Q2,DATE(2023,6,8),1) -> 30.913073 | T2: Year Average | U2: =AVERAGE(Table1[year]) -> 1982.8417
A3: Id2334 | B3: 1992 | C3: Nov | D3: 30 | E3: 0 | F3: 570.62 | G3: tier - 2 | H3: tier - 1 | I3: R1013 | L3: 1992 | M3: Nov | N3: tier - 2 | O3: tier - 1 | P3: R1013 | Q3: =CONCATENATE(Table1[[#This Row],[date]],"-",M3,"-",L3) -> 30-Nov-1992 | R3: =YEARFRAC(Q3,DATE(2023,6,8),1) -> 30.518823 | T3: roundup | U3: 1983
A4: Id2333 | B4: 1993 | C4: Jun | D4: 30 | E4: 0 | F4: 600 | G4: tier - 2 | H4: tier - 1 | I4: R1013 | L4: 1993 | M4: Jun | N4: tier - 2 | O4: tier - 1 | P4: R1013 | Q4: =CONCATENATE(Table1[[#This Row],[date]],"-",M4,"-",L4) -> 30-Jun-1993 | R4: =YEARFRAC(Q4,DATE(2023,6,8),1) -> 29.940382
A5: Id2332 | B5: 1992 | C5: Sep | D5: 13 | E5: 0 | F5: 604.54 | G5: tier - 3 | H5: tier - 3 | I5: R1013 | L5: 1992 | M5: Sep | N5: tier - 3 | O5: tier - 3 | P5: R1013 | Q5: =CONCATENATE(Table1[[#This Row],[date]],"-",M5,"-",L5) -> 13-Sep-1992 | R5: =YEARFRAC(Q5,DATE(2023,6,8),1) -> 30.732375
A6: Id2331 | B6: 1998 | C6: Jul | D6: 27 | E6: 0 | F6: 637.26 | G6: tier - 3 | H6: tier - 3 | I6: R1013 | L6: 1998 | M6: Jul | N6: tier - 3 | O6: tier - 3 | P6: R1013 | Q6: =CONCATENATE(Table1[[#This Row],[date]],"-",M6,"-",L6) -> 27-Jul-1998 | R6: =YEARFRAC(Q6,DATE(2023,6,8),1) -> 24.86647 | T6: City tier | U6: tier - 2
A7: Id2330 | B7: 2001 | C7: Nov | D7: 20 | E7: 0 | F7: 646.14 | G7: tier - 3 | H7: tier - 3 | I7: R1012 | L7: 2001 | M7: Nov | N7: tier - 3 | O7: tier - 3 | P7: R1012 | Q7: =CONCATENATE(Table1[[#This Row],[date]],"-",M7,"-",L7) -> 20-Nov-2001 | R7: =YEARFRAC(Q7,DATE(2023,6,8),1) -> 21.54881 | T7: Hospital tier | U7: 1337 tier - 2
A8: Id2329 | B8: 1993 | C8: Jun | D8: 1 | E8: 0 | F8: 650 | G8: tier - 3 | H8: tier - 3 | I8: R1013 | L8: 1993 | M8: Jun | N8: tier - 3 | O8: tier - 3 | P8: R1013 | Q8: =CONCATENATE(Table1[[#This Row],[date]],"-",M8,"-",L8) -> 1-Jun-1993 | R8: =YEARFRAC(Q8,DATE(2023,6,8),1) -> 30.019784 | T8: smoker | U8: 1845 No
A9: Id2328 | B9: 1995 | C9: Jul | D9: 4 | E9: 0 | F9: 650 | G9: tier - 3 | H9: tier - 3 | I9: R1013 | L9: 1995 | M9: Jul | N9: tier - 3 | O9: tier - 3 | P9: R1013 | Q9: =CONCATENATE(Table1[[#This Row],[date]],"-",M9,"-",L9) -> 4-Jul-1995 | R9: =YEARFRAC(Q9,DATE(2023,6,8),1) -> 27.929475 | T9: State ID | U9: Unknown
A10: Id2327 | B10: 2002 | C10: Nov | D10: 29 | E10: 0 | F10: 668 | G10: tier - 3 | H10: tier - 2 | I10: R1012 | L10: 2002 | M10: Nov | N10: tier - 3 | O10: tier - 2 | P10: R1012 | Q10: =CONCATENATE(Table1[[#This Row],[date]],"-",M10,"-",L10) -> 29-Nov-2002 | R10: =YEARFRAC(Q10,DATE(2023,6,8),1) -> 20.524207
A11: Id2326 | B11: 1997 | C11: Nov | D11: 9 | E11: 0 | F11: 670 | G11: tier - 3 | H11: tier - 3 | I11: R1013 | L11: 1997 | M11: Nov | N11: tier - 3 | O11: tier - 3 | P11: R1013 | Q11: =CONCATENATE(Table1[[#This Row],[date]],"-",M11,"-",L11) -> 9-Nov-1997 | R11: =YEARFRAC(Q11,DATE(2023,6,8),1) -> 25.578947
A12: Id2325 | B12: 2001 | C12: Sep | D12: 12 | E12: 0 | F12: 687.54 | G12: tier - 3 | H12: tier - 2 | I12: R1013 | L12: 2001 | M12: Sep | N12: tier - 3 | O12: tier - 2 | P12: R1013 | Q12: =CONCATENATE(Table1[[#This Row],[date]],"-",M12,"-",L12) -> 12-Sep-2001 | R12: =YEARFRAC(Q12,DATE(2023,6,8),1) -> 21.737738
A13: Id2324 | B13: 1999 | C13: Dec | D13: 26 | E13: 0 | F13: 700 | G13: ? | H13: tier - 3 | I13: R1013 | L13: 1999 | M13: Dec | N13: tier - 2 | O13: tier - 3 | P13: R1013 | Q13: =CONCATENATE(Table1[[#This Row],[date]],"-",M13,"-",L13) -> 26-Dec-1999 | R13: =YEARFRAC(Q13,DATE(2023,6,8),1) -> 23.450334
A14: Id2323 | B14: 1999 | C14: Dec | D14: 14 | E14: 0 | F14: 722.99 | G14: tier - 3 | H14: tier - 1 | I14: R1013 | L14: 1999 | M14: Dec | N14: tier - 3 | O14: tier - 1 | P14: R1013 | Q14: =CONCATENATE(Table1[[#This Row],[date]],"-",M14,"-",L14) -> 14-Dec-1999 | R14: =YEARFRAC(Q14,DATE(2023,6,8),1) -> 23.483189
A15: Id2322 | B15: 2002 | C15: ? | D15: 19 | E15: 0 | F15: 750 | G15: tier - 3 | H15: tier - 1 | I15: R1012 | L15: 2002 | M15: Sep | N15: tier - 3 | O15: tier - 1 | P15: R1012 | Q15: =CONCATENATE(Table1[[#This Row],[date]],"-",M15,"-",L15) -> 19-Sep-2002 | R15: =YEARFRAC(Q15,DATE(2023,6,8),1) -> 20.718606
A16: Id2321 | B16: 1993 | C16: Aug | D16: 9 | E16: 0 | F16: 760 | G16: tier - 3 | H16: tier - 1 | I16: R1013 | L16: 1993 | M16: Aug | N16: tier - 3 | O16: tier - 1 | P16: R1013 | Q16: =CONCATENATE(Table1[[#This Row],[date]],"-",M16,"-",L16) -> 9-Aug-1993 | R16: =YEARFRAC(Q16,DATE(2023,6,8),1) -> 29.83086
A17: Id2320 | B17: 1996 | C17: Oct | D17: 22 | E17: 0 | F17: 760 | G17: tier - 3 | H17: tier - 3 | I17: R1013 | L17: 1996 | M17: Oct | N17: tier - 3 | O17: tier - 3 | P17: R1013 | Q17: =CONCATENATE(Table1[[#This Row],[date]],"-",M17,"-",L17) -> 22-Oct-1996 | R17: =YEARFRAC(Q17,DATE(2023,6,8),1) -> 26.625599
A18: Id2319 | B18: 1993 | C18: Jun | D18: 28 | E18: 0 | F18: 770 | G18: tier - 3 | H18: tier - 3 | I18: R1013 | L18: 1993 | M18: Jun | N18: tier - 3 | O18: tier - 3 | P18: R1013 | Q18: =CONCATENATE(Table1[[#This Row],[date]],"-",M18,"-",L18) -> 28-Jun-1993 | R18: =YEARFRAC(Q18,DATE(2023,6,8),1) -> 29.945858
A19: Id2318 | B19: 1996 | C19: ? | D19: 18 | E19: 0 | F19: 770.38 | G19: tier - 3 | H19: ? | I19: R1012 | L19: 1996 | M19: Sep | N19: tier - 3 | O19: tier - 2 | P19: R1012 | Q19: =CONCATENATE(Table1[[#This Row],[date]],"-",M19,"-",L19) -> 18-Sep-1996 | R19: =YEARFRAC(Q19,DATE(2023,6,8),1) -> 26.718686
A20: Id2317 | B20: 1995 | C20: Dec | D20: 7 | E20: 0 | F20: 773.54 | G20: tier - 3 | H20: tier - 2 | I20: R1013 | L20: 1995 | M20: Dec | N20: tier - 3 | O20: tier - 2 | P20: R1013 | Q20: =CONCATENATE(Table1[[#This Row],[date]],"-",M20,"-",L20) -> 7-Dec-1995 | R20: =YEARFRAC(Q20,DATE(2023,6,8),1) -> 27.50236
A21: Id2316 | B21: 2004 | C21: Oct | D21: 7 | E21: 0 | F21: 830.52 | G21: tier - 3 | H21: tier - 2 | I21: R1011 | L21: 2004 | M21: Oct | N21: tier - 3 | O21: tier - 2 | P21: R1011 | Q21: =CONCATENATE(Table1[[#This Row],[date]],"-",M21,"-",L21) -> 7-Oct-2004 | R21: =YEARFRAC(Q21,DATE(2023,6,8),1) -> 18.666667
... A2344: Id1 | B2344: 1968 | C2344: Oct | D2344: 12 | E2344: 0 | F2344: 63770.43 | G2344: tier - 1 | H2344: tier - 3 | I2344: R1013 | L2344: 1968 | M2344: Oct | N2344: tier - 1 | O2344: tier - 3 | P2344: R1013 | Q2344: =CONCATENATE(Table1[[#This Row],[date]],"-",M2344,"-",L2344) -> 12-Oct-1968 | R2344: =YEARFRAC(Q2344,DATE(2023,6,8),1) -> 54.652977

Sheet Healthacare
A1: Customer ID | B1: First Name | C1: BMI | D1: HBA1C | E1: Heart Issues | F1: Any Transplants | G1: Cancer history | H1: NumberOfMajorSurgeries | I1: Smoker | J1: Weight Status | K1: Diabetes Status | L1: Date of Birth | M1: charges | N1: Hospital tier | O1: City tier | P1: State ID | Q1: Age
A2: Id1 | B2: =VLOOKUP(A2,'Customer Name'!$A$1:$E$2336,4,0) -> Kelly | C2: =VLOOKUP(A2,Table7[#All],2,0) -> 47.41 | D2: =VLOOKUP(A2,Table7[#All],3,0) -> 7.47 | E2: =VLOOKUP(A2,Table7[#All],4,0) -> No | F2: =VLOOKUP(A2,Table7[#All],5,0) -> No | G2: =VLOOKUP(A2,Table7[#All],6,0) -> No | H2: =VLOOKUP(A2,'Medical Examination'!A1:M2336,11,0) -> 0 | I2: =VLOOKUP(A2,'Medical Examination'!A1:M2336,10,0) -> yes | J2: =VLOOKUP(A2,'Medical Examination'!A1:M2336,12,0) -> Obesity | K2: =VLOOKUP(A2,'Medical Examination'!A1:M2336,13,0) -> Diabetes | L2: =VLOOKUP(A2,'Hospitalisation Details'!A1:R2344,17,0) -> 12-Oct-1968 | M2: =VLOOKUP(A2,'Hospitalisation Details'!$A$1:$R$2344,6,0) -> 63770.43 | N2: =VLOOKUP(A2,'Hospitalisation Details'!$A$1:$R$2344,14,0) -> tier - 1 | O2: =VLOOKUP(A2,'Hospitalisation Details'!$A$1:$R$2344,15,0) -> tier - 3 | P2: =VLOOKUP(A2,'Hospitalisation Details'!$A$1:$R$2344,16,0) -> R1013 | Q2: =VLOOKUP(A2,'Hospitalisation Details'!A1:R2344,18,0) -> 54.652977
A3: Id2 | B3: =VLOOKUP(A3,'Customer Name'!A2:E2337,4,0) -> Matthew D | C3: =VLOOKUP(A3,Table7[#All],2,0) -> 30.36 | D3: =VLOOKUP(A3,Table7[#All],3,0) -> 5.77 | E3: =VLOOKUP(A3,Table7[#All],4,0) -> No | F3: =VLOOKUP(A3,Table7[#All],5,0) -> No | G3: =VLOOKUP(A3,Table7[#All],6,0) -> No | H3: =VLOOKUP(A3,'Medical Examination'!A2:M2337,11,0) -> 0 | I3: =VLOOKUP(A3,'Medical Examination'!A2:M2337,10,0) -> yes | J3: =VLOOKUP(A3,'Medical Examination'!A2:M2337,12,0) -> Obesity | K3: =VLOOKUP(A3,'Medical Examination'!A2:M2337,13,0) -> Prediabetes | L3: =VLOOKUP(A3,'Hospitalisation Details'!A2:R2345,17,0) -> 8-Jun-1977 | M3: =VLOOKUP(A3,'Hospitalisation Details'!$A$1:$R$2344,6,0) -> 62592.87 | N3: =VLOOKUP(A3,'Hospitalisation Details'!$A$1:$R$2344,14,0) -> tier - 2 | O3: =VLOOKUP(A3,'Hospitalisation Details'!$A$1:$R$2344,15,0) -> tier - 3 | P3: =VLOOKUP(A3,'Hospitalisation Details'!$A$1:$R$2344,16,0) -> R1013 | Q3: =VLOOKUP(A3,'Hospitalisation Details'!A2:R2345,18,0) -> 46.000641
A4: Id3 | B4: =VLOOKUP(A4,'Customer Name'!A3:E2338,4,0) -> Phil | C4: =VLOOKUP(A4,Table7[#All],2,0) -> 34.485 | D4: =VLOOKUP(A4,Table7[#All],3,0) -> 11.87 | E4: =VLOOKUP(A4,Table7[#All],4,0) -> yes | F4: =VLOOKUP(A4,Table7[#All],5,0) -> No | G4: =VLOOKUP(A4,Table7[#All],6,0) -> No | H4: =VLOOKUP(A4,'Medical Examination'!A3:M2338,11,0) -> 2 | I4: =VLOOKUP(A4,'Medical Examination'!A3:M2338,10,0) -> yes | J4: =VLOOKUP(A4,'Medical Examination'!A3:M2338,12,0) -> Obesity | K4: =VLOOKUP(A4,'Medical Examination'!A3:M2338,13,0) -> Diabetes | L4: =VLOOKUP(A4,'Hospitalisation Details'!A3:R2346,17,0) -> 11-Sep-1970 | M4: =VLOOKUP(A4,'Hospitalisation Details'!$A$1:$R$2344,6,0) -> 60021.4 | N4: =VLOOKUP(A4,'Hospitalisation Details'!$A$1:$R$2344,14,0) -> tier - 1 | O4: =VLOOKUP(A4,'Hospitalisation Details'!$A$1:$R$2344,15,0) -> tier - 1 | P4: =VLOOKUP(A4,'Hospitalisation Details'!$A$1:$R$2344,16,0) -> R1012 | Q4: =VLOOKUP(A4,'Hospitalisation Details'!A3:R2346,18,0) -> 52.740557
A5: Id4 | B5: =VLOOKUP(A5,'Customer Name'!A4:E2339,4,0) -> Kelsey | C5: =VLOOKUP(A5,Table7[#All],2,0) -> 38.095 | D5: =VLOOKUP(A5,Table7[#All],3,0) -> 6.05 | E5: =VLOOKUP(A5,Table7[#All],4,0) -> No | F5: =VLOOKUP(A5,Table7[#All],5,0) -> No | G5: =VLOOKUP(A5,Table7[#All],6,0) -> No | H5: =VLOOKUP(A5,'Medical Examination'!A4:M2339,11,0) -> 0 | I5: =VLOOKUP(A5,'Medical Examination'!A4:M2339,10,0) -> yes | J5: =VLOOKUP(A5,'Medical Examination'!A4:M2339,12,0) -> Obesity | K5: =VLOOKUP(A5,'Medical Examination'!A4:M2339,13,0) -> Prediabetes | L5: =VLOOKUP(A5,'Hospitalisation Details'!A4:R2347,17,0) -> 6-Jun-1991 | M5: =VLOOKUP(A5,'Hospitalisation Details'!$A$1:$R$2344,6,0) -> 58571.07 | N5: =VLOOKUP(A5,'Hospitalisation Details'!$A$1:$R$2344,14,0) -> tier - 1 | O5: =VLOOKUP(A5,'Hospitalisation Details'!$A$1:$R$2344,15,0) -> tier - 3 | P5: =VLOOKUP(A5,'Hospitalisation Details'!$A$1:$R$2344,16,0) -> R1024 | Q5: =VLOOKUP(A5,'Hospitalisation Details'!A4:R2347,18,0) -> 32.00614
A6: Id5 | B6: =VLOOKUP(A6,'Customer Name'!A5:E2340,4,0) -> Kristyn | C6: =VLOOKUP(A6,Table7[#All],2,0) -> 35.53 | D6: =VLOOKUP(A6,Table7[#All],3,0) -> 5.45 | E6: =VLOOKUP(A6,Table7[#All],4,0) -> No | F6: =VLOOKUP(A6,Table7[#All],5,0) -> No | G6: =VLOOKUP(A6,Table7[#All],6,0) -> No | H6: =VLOOKUP(A6,'Medical Examination'!A5:M2340,11,0) -> 0 | I6: =VLOOKUP(A6,'Medical Examination'!A5:M2340,10,0) -> yes | J6: =VLOOKUP(A6,'Medical Examination'!A5:M2340,12,0) -> Obesity | K6: =VLOOKUP(A6,'Medical Examination'!A5:M2340,13,0) -> Normal | L6: =VLOOKUP(A6,'Hospitalisation Details'!A5:R2348,17,0) -> 19-Jun-1989 | M6: =VLOOKUP(A6,'Hospitalisation Details'!$A$1:$R$2344,6,0) -> 55135.4 | N6: =VLOOKUP(A6,'Hospitalisation Details'!$A$1:$R$2344,14,0) -> tier - 1 | O6: =VLOOKUP(A6,'Hospitalisation Details'!$A$1:$R$2344,15,0) -> tier - 2 | P6: =VLOOKUP(A6,'Hospitalisation Details'!$A$1:$R$2344,16,0) -> R1012 | Q6: =VLOOKUP(A6,'Hospitalisation Details'!A5:R2348,18,0) -> 33.970508 | S6: Combined Data
A7: Id6 | B7: =VLOOKUP(A7,'Customer Name'!A6:E2341,4,0) -> Russell B. | C7: =VLOOKUP(A7,Table7[#All],2,0) -> 32.8 | D7: =VLOOKUP(A7,Table7[#All],3,0) -> 6.59 | E7: =VLOOKUP(A7,Table7[#All],4,0) -> No | F7: =VLOOKUP(A7,Table7[#All],5,0) -> No | G7: =VLOOKUP(A7,Table7[#All],6,0) -> No | H7: =VLOOKUP(A7,'Medical Examination'!A6:M2341,11,0) -> 0 | I7: =VLOOKUP(A7,'Medical Examination'!A6:M2341,10,0) -> yes | J7: =VLOOKUP(A7,'Medical Examination'!A6:M2341,12,0) -> Obesity | K7: =VLOOKUP(A7,'Medical Examination'!A6:M2341,13,0) -> Diabetes | L7: =VLOOKUP(A7,'Hospitalisation Details'!A6:R2349,17,0) -> 4-Aug-1962 | M7: =VLOOKUP(A7,'Hospitalisation Details'!$A$1:$R$2344,6,0) -> 52590.83 | N7: =VLOOKUP(A7,'Hospitalisation Details'!$A$1:$R$2344,14,0) -> tier - 1 | O7: =VLOOKUP(A7,'Hospitalisation Details'!$A$1:$R$2344,15,0) -> tier - 3 | P7: =VLOOKUP(A7,'Hospitalisation Details'!$A$1:$R$2344,16,0) -> R1011 | Q7: =VLOOKUP(A7,'Hospitalisation Details'!A6:R2349,18,0) -> 60.844601
A8: Id7 | B8: =VLOOKUP(A8,'Customer Name'!A7:E2342,4,0) -> Scott | C8: =VLOOKUP(A8,Table7[#All],2,0) -> 36.4 | D8: =VLOOKUP(A8,Table7[#All],3,0) -> 6.07 | E8: =VLOOKUP(A8,Table7[#All],4,0) -> No | F8: =VLOOKUP(A8,Table7[#All],5,0) -> No | G8: =VLOOKUP(A8,Table7[#All],6,0) -> No | H8: =VLOOKUP(A8,'Medical Examination'!A7:M2342,11,0) -> 0 | I8: =VLOOKUP(A8,'Medical Examination'!A7:M2342,10,0) -> yes | J8: =VLOOKUP(A8,'Medical Examination'!A7:M2342,12,0) -> Obesity | K8: =VLOOKUP(A8,'Medical Examination'!A7:M2342,13,0) -> Prediabetes | L8: =VLOOKUP(A8,'Hospitalisation Details'!A7:R2350,17,0) -> 27-Oct-1994 | M8: =VLOOKUP(A8,'Hospitalisation Details'!$A$1:$R$2344,6,0) -> 51194.56 | N8: =VLOOKUP(A8,'Hospitalisation Details'!$A$1:$R$2344,14,0) -> tier - 1 | O8: =VLOOKUP(A8,'Hospitalisation Details'!$A$1:$R$2344,15,0) -> tier - 3 | P8: =VLOOKUP(A8,'Hospitalisation Details'!$A$1:$R$2344,16,0) -> R1011 | Q8: =VLOOKUP(A8,'Hospitalisation Details'!A7:R2350,18,0) -> 28.614584
A9: Id8 | B9: =VLOOKUP(A9,'Customer Name'!A8:E2343,4,0) -> Stephen | C9: =VLOOKUP(A9,Table7[#All],2,0) -> 36.96 | D9: =VLOOKUP(A9,Table7[#All],3,0) -> 7.93 | E9: =VLOOKUP(A9,Table7[#All],4,0) -> No | F9: =VLOOKUP(A9,Table7[#All],5,0) -> No | G9: =VLOOKUP(A9,Table7[#All],6,0) -> No | H9: =VLOOKUP(A9,'Medical Examination'!A8:M2343,11,0) -> 3 | I9: =VLOOKUP(A9,'Medical Examination'!A8:M2343,10,0) -> yes | J9: =VLOOKUP(A9,'Medical Examination'!A8:M2343,12,0) -> Obesity | K9: =VLOOKUP(A9,'Medical Examination'!A8:M2343,13,0) -> Diabetes | L9: =VLOOKUP(A9,'Hospitalisation Details'!A8:R2351,17,0) -> 27-Jun-1958 | M9: =VLOOKUP(A9,'Hospitalisation Details'!$A$1:$R$2344,6,0) -> 49577.66 | N9: =VLOOKUP(A9,'Hospitalisation Details'!$A$1:$R$2344,14,0) -> tier - 2 | O9: =VLOOKUP(A9,'Hospitalisation Details'!$A$1:$R$2344,15,0) -> tier - 2 | P9: =VLOOKUP(A9,'Hospitalisation Details'!$A$1:$R$2344,16,0) -> R1013 | Q9: =VLOOKUP(A9,'Hospitalisation Details'!A8:R2351,18,0) -> 64.948643
A10: Id9 | B10: =VLOOKUP(A10,'Customer Name'!A9:E2344,4,0) -> Patrick R. | C10: =VLOOKUP(A10,Table7[#All],2,0) -> 41.14 | D10: =VLOOKUP(A10,Table7[#All],3,0) -> 9.58 | E10: =VLOOKUP(A10,Table7[#All],4,0) -> yes | F10: =VLOOKUP(A10,Table7[#All],5,0) -> No | G10: =VLOOKUP(A10,Table7[#All],6,0) -> Yes | H10: =VLOOKUP(A10,'Medical Examination'!A9:M2344,11,0) -> 1 | I10: =VLOOKUP(A10,'Medical Examination'!A9:M2344,10,0) -> yes | J10: =VLOOKUP(A10,'Medical Examination'!A9:M2344,12,0) -> Obesity | K10: =VLOOKUP(A10,'Medical Examination'!A9:M2344,13,0) -> Diabetes | L10: =VLOOKUP(A10,'Hospitalisation Details'!A9:R2352,17,0) -> 4-Sep-1963 | M10: =VLOOKUP(A10,'Hospitalisation Details'!$A$1:$R$2344,6,0) -> 48970.25 | N10: =VLOOKUP(A10,'Hospitalisation Details'!$A$1:$R$2344,14,0) -> tier - 1 | O10: =VLOOKUP(A10,'Hospitalisation Details'!$A$1:$R$2344,15,0) -> tier - 2 | P10: =VLOOKUP(A10,'Hospitalisation Details'!$A$1:$R$2344,16,0) -> R1013 | Q10: =VLOOKUP(A10,'Hospitalisation Details'!A9:R2352,18,0) -> 59.75974
A11: Id10 | B11: =VLOOKUP(A11,'Customer Name'!A10:E2345,4,0) -> Brooke N. | C11: =VLOOKUP(A11,Table7[#All],2,0) -> 38.06 | D11: =VLOOKUP(A11,Table7[#All],3,0) -> 10.79 | E11: =VLOOKUP(A11,Table7[#All],4,0) -> No | F11: =VLOOKUP(A11,Table7[#All],5,0) -> No | G11: =VLOOKUP(A11,Table7[#All],6,0) -> No | H11: =VLOOKUP(A11,'Medical Examination'!A10:M2345,11,0) -> 0 | I11: =VLOOKUP(A11,'Medical Examination'!A10:M2345,10,0) -> yes | J11: =VLOOKUP(A11,'Medical Examination'!A10:M2345,12,0) -> Obesity | K11: =VLOOKUP(A11,'Medical Examination'!A10:M2345,13,0) -> Diabetes | L11: =VLOOKUP(A11,'Hospitalisation Details'!A10:R2353,17,0) -> 29-Dec-1978 | M11: =VLOOKUP(A11,'Hospitalisation Details'!$A$1:$R$2344,6,0) -> 48885.14 | N11: =VLOOKUP(A11,'Hospitalisation Details'!$A$1:$R$2344,14,0) -> tier - 1 | O11: =VLOOKUP(A11,'Hospitalisation Details'!$A$1:$R$2344,15,0) -> tier - 2 | P11: =VLOOKUP(A11,'Hospitalisation Details'!$A$1:$R$2344,16,0) -> R1013 | Q11: =VLOOKUP(A11,'Hospitalisation Details'!A10:R2353,18,0) -> 44.442117
A12: Id11 | B12: =VLOOKUP(A12,'Customer Name'!A11:E2346,4,0) -> Paola Andrea | C12: =VLOOKUP(A12,Table7[#All],2,0) -> 37.7 | D12: =VLOOKUP(A12,Table7[#All],3,0) -> 5.96 | E12: =VLOOKUP(A12,Table7[#All],4,0) -> yes | F12: =VLOOKUP(A12,Table7[#All],5,0) -> No | G12: =VLOOKUP(A12,Table7[#All],6,0) -> No | H12: =VLOOKUP(A12,'Medical Examination'!A11:M2346,11,0) -> 2 | I12: =VLOOKUP(A12,'Medical Examination'!A11:M2346,10,0) -> yes | J12: =VLOOKUP(A12,'Medical Examination'!A11:M2346,12,0) -> Obesity | K12: =VLOOKUP(A12,'Medical Examination'!A11:M2346,13,0) -> Prediabetes | L12: =VLOOKUP(A12,'Hospitalisation Details'!A11:R2354,17,0) -> 22-Jul-1959 | M12: =VLOOKUP(A12,'Hospitalisation Details'!$A$1:$R$2344,6,0) -> 48824.45 | N12: =VLOOKUP(A12,'Hospitalisation Details'!$A$1:$R$2344,14,0) -> tier - 2 | O12: =VLOOKUP(A12,'Hospitalisation Details'!$A$1:$R$2344,15,0) -> tier - 1 | P12: =VLOOKUP(A12,'Hospitalisation Details'!$A$1:$R$2344,16,0) -> R1011 | Q12: =VLOOKUP(A12,'Hospitalisation Details'!A11:R2354,18,0) -> 63.880207
A13: Id12 | B13: =VLOOKUP(A13,'Customer Name'!A12:E2347,4,0) -> David | C13: =VLOOKUP(A13,Table7[#All],2,0) -> 42.13 | D13: =VLOOKUP(A13,Table7[#All],3,0) -> 11.9 | E13: =VLOOKUP(A13,Table7[#All],4,0) -> No | F13: =VLOOKUP(A13,Table7[#All],5,0) -> No | G13: =VLOOKUP(A13,Table7[#All],6,0) -> No | H13: =VLOOKUP(A13,'Medical Examination'!A12:M2347,11,0) -> 0 | I13: =VLOOKUP(A13,'Medical Examination'!A12:M2347,10,0) -> yes | J13: =VLOOKUP(A13,'Medical Examination'!A12:M2347,12,0) -> Obesity | K13: =VLOOKUP(A13,'Medical Examination'!A12:M2347,13,0) -> Diabetes | L13: =VLOOKUP(A13,'Hospitalisation Details'!A12:R2355,17,0) -> 27-Oct-1965 | M13: =VLOOKUP(A13,'Hospitalisation Details'!$A$1:$R$2344,6,0) -> 48675.52 | N13: =VLOOKUP(A13,'Hospitalisation Details'!$A$1:$R$2344,14,0) -> tier - 1 | O13: =VLOOKUP(A13,'Hospitalisation Details'!$A$1:$R$2344,15,0) -> tier - 2 | P13: =VLOOKUP(A13,'Hospitalisation Details'!$A$1:$R$2344,16,0) -> R1013 | Q13: =VLOOKUP(A13,'Hospitalisation Details'!A12:R2355,18,0) -> 57.614599
A14: Id13 | B14: =VLOOKUP(A14,'Customer Name'!A13:E2348,4,0) -> Wade | C14: =VLOOKUP(A14,Table7[#All],2,0) -> 40.92 | D14: =VLOOKUP(A14,Table7[#All],3,0) -> 8.41 | E14: =VLOOKUP(A14,Table7[#All],4,0) -> No | F14: =VLOOKUP(A14,Table7[#All],5,0) -> No | G14: =VLOOKUP(A14,Table7[#All],6,0) -> No | H14: =VLOOKUP(A14,'Medical Examination'!A13:M2348,11,0) -> 0 | I14: =VLOOKUP(A14,'Medical Examination'!A13:M2348,10,0) -> yes | J14: =VLOOKUP(A14,'Medical Examination'!A13:M2348,12,0) -> Obesity | K14: =VLOOKUP(A14,'Medical Examination'!A13:M2348,13,0) -> Diabetes | L14: =VLOOKUP(A14,'Hospitalisation Details'!A13:R2356,17,0) -> 11-Oct-1962 | M14: =VLOOKUP(A14,'Hospitalisation Details'!$A$1:$R$2344,6,0) -> 48673.56 | N14: =VLOOKUP(A14,'Hospitalisation Details'!$A$1:$R$2344,14,0) -> tier - 1 | O14: =VLOOKUP(A14,'Hospitalisation Details'!$A$1:$R$2344,15,0) -> tier - 2 | P14: =VLOOKUP(A14,'Hospitalisation Details'!$A$1:$R$2344,16,0) -> R1013 | Q14: =VLOOKUP(A14,'Hospitalisation Details'!A13:R2356,18,0) -> 60.658423
A15: Id14 | B15: =VLOOKUP(A15,'Customer Name'!A14:E2349,4,0) -> Franklin | C15: =VLOOKUP(A15,Table7[#All],2,0) -> 40.565 | D15: =VLOOKUP(A15,Table7[#All],3,0) -> 7.02 | E15: =VLOOKUP(A15,Table7[#All],4,0) -> No | F15: =VLOOKUP(A15,Table7[#All],5,0) -> No | G15: =VLOOKUP(A15,Table7[#All],6,0) -> No | H15: =VLOOKUP(A15,'Medical Examination'!A14:M2349,11,0) -> 0 | I15: =VLOOKUP(A15,'Medical Examination'!A14:M2349,10,0) -> yes | J15: =VLOOKUP(A15,'Medical Examination'!A14:M2349,12,0) -> Obesity | K15: =VLOOKUP(A15,'Medical Examination'!A14:M2349,13,0) -> Diabetes | L15: =VLOOKUP(A15,'Hospitalisation Details'!A14:R2357,17,0) -> 1-Dec-1968 | M15: =VLOOKUP(A15,'Hospitalisation Details'!$A$1:$R$2344,6,0) -> 48549.18 | N15: =VLOOKUP(A15,'Hospitalisation Details'!$A$1:$R$2344,14,0) -> tier - 1 | O15: =VLOOKUP(A15,'Hospitalisation Details'!$A$1:$R$2344,15,0) -> tier - 3 | P15: =VLOOKUP(A15,'Hospitalisation Details'!$A$1:$R$2344,16,0) -> R1016 | Q15: =VLOOKUP(A15,'Hospitalisation Details'!A14:R2357,18,0) -> 54.516085
A16: Id15 | B16: =VLOOKUP(A16,'Customer Name'!A15:E2350,4,0) -> Leilani M. | C16: =VLOOKUP(A16,Table7[#All],2,0) -> 36.385 | D16: =VLOOKUP(A16,Table7[#All],3,0) -> 7.59 | E16: =VLOOKUP(A16,Table7[#All],4,0) -> yes | F16: =VLOOKUP(A16,Table7[#All],5,0) -> No | G16: =VLOOKUP(A16,Table7[#All],6,0) -> No | H16: =VLOOKUP(A16,'Medical Examination'!A15:M2350,11,0) -> 2 | I16: =VLOOKUP(A16,'Medical Examination'!A15:M2350,10,0) -> yes | J16: =VLOOKUP(A16,'Medical Examination'!A15:M2350,12,0) -> Obesity | K16: =VLOOKUP(A16,'Medical Examination'!A15:M2350,13,0) -> Diabetes | L16: =VLOOKUP(A16,'Hospitalisation Details'!A15:R2358,17,0) -> 21-Dec-1961 | M16: =VLOOKUP(A16,'Hospitalisation Details'!$A$1:$R$2344,6,0) -> 48517.56 | N16: =VLOOKUP(A16,'Hospitalisation Details'!$A$1:$R$2344,14,0) -> tier - 1 | O16: =VLOOKUP(A16,'Hospitalisation Details'!$A$1:$R$2344,15,0) -> tier - 3 | P16: =VLOOKUP(A16,'Hospitalisation Details'!$A$1:$R$2344,16,0) -> R1024 | Q16: =VLOOKUP(A16,'Hospitalisation Details'!A15:R2358,18,0) -> 61.464016
A17: Id16 | B17: =VLOOKUP(A17,'Customer Name'!A16:E2351,4,0) -> Philippe | C17: =VLOOKUP(A17,Table7[#All],2,0) -> 39.9 | D17: =VLOOKUP(A17,Table7[#All],3,0) -> 11.32 | E17: =VLOOKUP(A17,Table7[#All],4,0) -> No | F17: =VLOOKUP(A17,Table7[#All],5,0) -> No | G17: =VLOOKUP(A17,Table7[#All],6,0) -> No | H17: =VLOOKUP(A17,'Medical Examination'!A16:M2351,11,0) -> 0 | I17: =VLOOKUP(A17,'Medical Examination'!A16:M2351,10,0) -> yes | J17: =VLOOKUP(A17,'Medical Examination'!A16:M2351,12,0) -> Obesity | K17: =VLOOKUP(A17,'Medical Examination'!A16:M2351,13,0) -> Diabetes | L17: =VLOOKUP(A17,'Hospitalisation Details'!A16:R2359,17,0) -> 27-Aug-1962 | M17: =VLOOKUP(A17,'Hospitalisation Details'!$A$1:$R$2344,6,0) -> 48173.36 | N17: =VLOOKUP(A17,'Hospitalisation Details'!$A$1:$R$2344,14,0) -> tier - 1 | O17: =VLOOKUP(A17,'Hospitalisation Details'!$A$1:$R$2344,15,0) -> tier - 3 | P17: =VLOOKUP(A17,'Hospitalisation Details'!$A$1:$R$2344,16,0) -> R1011 | Q17: =VLOOKUP(A17,'Hospitalisation Details'!A16:R2359,18,0) -> 60.781629
A18: Id17 | B18: =VLOOKUP(A18,'Customer Name'!A17:E2352,4,0) -> Jennifer A. | C18: =VLOOKUP(A18,Table7[#All],2,0) -> 33.8 | D18: =VLOOKUP(A18,Table7[#All],3,0) -> 7.67 | E18: =VLOOKUP(A18,Table7[#All],4,0) -> No | F18: =VLOOKUP(A18,Table7[#All],5,0) -> No | G18: =VLOOKUP(A18,Table7[#All],6,0) -> No | H18: =VLOOKUP(A18,'Medical Examination'!A17:M2352,11,0) -> 3 | I18: =VLOOKUP(A18,'Medical Examination'!A17:M2352,10,0) -> yes | J18: =VLOOKUP(A18,'Medical Examination'!A17:M2352,12,0) -> Obesity | K18: =VLOOKUP(A18,'Medical Examination'!A17:M2352,13,0) -> Diabetes | L18: =VLOOKUP(A18,'Hospitalisation Details'!A17:R2360,17,0) -> 16-Nov-1958 | M18: =VLOOKUP(A18,'Hospitalisation Details'!$A$1:$R$2344,6,0) -> 47928.03 | N18: =VLOOKUP(A18,'Hospitalisation Details'!$A$1:$R$2344,14,0) -> tier - 2 | O18: =VLOOKUP(A18,'Hospitalisation Details'!$A$1:$R$2344,15,0) -> tier - 3 | P18: =VLOOKUP(A18,'Hospitalisation Details'!$A$1:$R$2344,16,0) -> R1011 | Q18: =VLOOKUP(A18,'Hospitalisation Details'!A17:R2360,18,0) -> 64.559861
... A1171: Id1170 | B1171: =VLOOKUP(A1171,'Customer Name'!A1170:E3505,4,0) -> Grant | C1171: =VLOOKUP(A1171,Table7[#All],2,0) -> 28.61 | D1171: =VLOOKUP(A1171,Table7[#All],3,0) -> 5.76 | E1171: =VLOOKUP(A1171,Table7[#All],4,0) -> No | F1171: =VLOOKUP(A1171,Table7[#All],5,0) -> No | G1171: =VLOOKUP(A1171,Table7[#All],6,0) -> Yes | H1171: =VLOOKUP(A1171,'Medical Examination'!A1170:M3505,11,0) -> 1 | I1171: =VLOOKUP(A1171,'Medical Examination'!A1170:M3505,10,0) -> No | J1171: =VLOOKUP(A1171,'Medical Examination'!A1170:M3505,12,0) -> Overweight | K1171: =VLOOKUP(A1171,'Medical Examination'!A1170:M3505,13,0) -> Prediabetes | L1171: =VLOOKUP(A1171,'Hospitalisation Details'!A1170:R3513,17,0) -> 19-Dec-1979 | M1171: =VLOOKUP(A1171,'Hospitalisation Details'!$A$1:$R$2344,6,0) -> 9630.3 | N1171: =VLOOKUP(A1171,'Hospitalisation Details'!$A$1:$R$2344,14,0) -> tier - 2 | O1171: =VLOOKUP(A1171,'Hospitalisation Details'!$A$1:$R$2344,15,0) -> tier - 2 | P1171: =VLOOKUP(A1171,'Hospitalisation Details'!$A$1:$R$2344,16,0) -> R1021 | Q1171: =VLOOKUP(A1171,'Hospitalisation Details'!A1170:R3513,18,0) -> 43.469518
A1172: Id1171 | B1172: =VLOOKUP(A1172,'Customer Name'!A1171:E3506,4,0) -> . Sophia | C1172: =VLOOKUP(A1172,Table7[#All],2,0) -> 45.41 | D1172: =VLOOKUP(A1172,Table7[#All],3,0) -> 4.96 | E1172: =VLOOKUP(A1172,Table7[#All],4,0) -> No | F1172: =VLOOKUP(A1172,Table7[#All],5,0) -> No | G1172: =VLOOKUP(A1172,Table7[#All],6,0) -> No | H1172: =VLOOKUP(A1172,'Medical Examination'!A1171:M3506,11,0) -> 1 | I1172: =VLOOKUP(A1172,'Medical Examination'!A1171:M3506,10,0) -> No | J1172: =VLOOKUP(A1172,'Medical Examination'!A1171:M3506,12,0) -> Obesity | K1172: =VLOOKUP(A1172,'Medical Examination'!A1171:M3506,13,0) -> Normal | L1172: =VLOOKUP(A1172,'Hospitalisation Details'!A1:R2344,17,0) -> 23-Jun-1998 | M1172: =VLOOKUP(A1172,'Hospitalisation Details'!$A$1:$R$2344,6,0) -> 9628.79 | N1172: =VLOOKUP(A1172,'Hospitalisation Details'!$A$1:$R$2344,14,0) -> tier - 2 | O1172: =VLOOKUP(A1172,'Hospitalisation Details'!$A$1:$R$2344,15,0) -> tier - 2 | P1172: =VLOOKUP(A1172,'Hospitalisation Details'!$A$1:$R$2344,16,0) -> R1026 | Q1172: =VLOOKUP(A1172,'Hospitalisation Details'!$A$1:$R$2344,18,0) -> 24.959562
A1173: Id1172 | B1173: =VLOOKUP(A1173,'Customer Name'!A1172:E3507,4,0) -> Christina | C1173: =VLOOKUP(A1173,Table7[#All],2,0) -> 31.2 | D1173: =VLOOKUP(A1173,Table7[#All],3,0) -> 11.04 | E1173: =VLOOKUP(A1173,Table7[#All],4,0) -> yes | F1173: =VLOOKUP(A1173,Table7[#All],5,0) -> No | G1173: =VLOOKUP(A1173,Table7[#All],6,0) -> No | H1173: =VLOOKUP(A1173,'Medical Examination'!A1172:M3507,11,0) -> 2 | I1173: =VLOOKUP(A1173,'Medical Examination'!A1172:M3507,10,0) -> No | J1173: =VLOOKUP(A1173,'Medical Examination'!A1172:M3507,12,0) -> Obesity | K1173: =VLOOKUP(A1173,'Medical Examination'!A1172:M3507,13,0) -> Diabetes | L1173: =VLOOKUP(A1173,'Hospitalisation Details'!A2:R2345,17,0) -> 16-Dec-1970 | M1173: =VLOOKUP(A1173,'Hospitalisation Details'!$A$1:$R$2344,6,0) -> 9625.92 | N1173: =VLOOKUP(A1173,'Hospitalisation Details'!$A$1:$R$2344,14,0) -> tier - 2 | O1173: =VLOOKUP(A1173,'Hospitalisation Details'!$A$1:$R$2344,15,0) -> tier - 3 | P1173: =VLOOKUP(A1173,'Hospitalisation Details'!$A$1:$R$2344,16,0) -> R1011 | Q1173: =VLOOKUP(A1173,'Hospitalisation Details'!$A$1:$R$2344,18,0) -> 52.477716
A1174: Id1173 | B1174: =VLOOKUP(A1174,'Customer Name'!A1173:E3508,4,0) -> Sam L. | C1174: =VLOOKUP(A1174,Table7[#All],2,0) -> 29.83 | D1174: =VLOOKUP(A1174,Table7[#All],3,0) -> 7.81 | E1174: =VLOOKUP(A1174,Table7[#All],4,0) -> yes | F1174: =VLOOKUP(A1174,Table7[#All],5,0) -> No | G1174: =VLOOKUP(A1174,Table7[#All],6,0) -> No | H1174: =VLOOKUP(A1174,'Medical Examination'!A1173:M3508,11,0) -> 1 | I1174: =VLOOKUP(A1174,'Medical Examination'!A1173:M3508,10,0) -> No | J1174: =VLOOKUP(A1174,'Medical Examination'!A1173:M3508,12,0) -> Overweight | K1174: =VLOOKUP(A1174,'Medical Examination'!A1173:M3508,13,0) -> Diabetes | L1174: =VLOOKUP(A1174,'Hospitalisation Details'!A3:R2346,17,0) -> 29-Oct-1975 | M1174: =VLOOKUP(A1174,'Hospitalisation Details'!$A$1:$R$2344,6,0) -> 9620.33 | N1174: =VLOOKUP(A1174,'Hospitalisation Details'!$A$1:$R$2344,14,0) -> tier - 3 | O1174: =VLOOKUP(A1174,'Hospitalisation Details'!$A$1:$R$2344,15,0) -> tier - 3 | P1174: =VLOOKUP(A1174,'Hospitalisation Details'!$A$1:$R$2344,16,0) -> R1012 | Q1174: =VLOOKUP(A1174,'Hospitalisation Details'!$A$1:$R$2344,18,0) -> 47.609152
A1175: Id1174 | B1175: =VLOOKUP(A1175,'Customer Name'!A1174:E3509,4,0) -> . Haley R. | C1175: =VLOOKUP(A1175,Table7[#All],2,0) -> 29.06 | D1175: =VLOOKUP(A1175,Table7[#All],3,0) -> 4.55 | E1175: =VLOOKUP(A1175,Table7[#All],4,0) -> No | F1175: =VLOOKUP(A1175,Table7[#All],5,0) -> No | G1175: =VLOOKUP(A1175,Table7[#All],6,0) -> No | H1175: =VLOOKUP(A1175,'Medical Examination'!A1174:M3509,11,0) -> 0 | I1175: =VLOOKUP(A1175,'Medical Examination'!A1174:M3509,10,0) -> No | J1175: =VLOOKUP(A1175,'Medical Examination'!A1174:M3509,12,0) -> Overweight | K1175: =VLOOKUP(A1175,'Medical Examination'!A1174:M3509,13,0) -> Normal | L1175: =VLOOKUP(A1175,'Hospitalisation Details'!A4:R2347,17,0) -> 29-Aug-1982 | M1175: =VLOOKUP(A1175,'Hospitalisation Details'!$A$1:$R$2344,6,0) -> 9619.18 | N1175: =VLOOKUP(A1175,'Hospitalisation Details'!$A$1:$R$2344,14,0) -> tier - 2 | O1175: =VLOOKUP(A1175,'Hospitalisation Details'!$A$1:$R$2344,15,0) -> tier - 1 | P1175: =VLOOKUP(A1175,'Hospitalisation Details'!$A$1:$R$2344,16,0) -> R1025 | Q1175: =VLOOKUP(A1175,'Hospitalisation Details'!$A$1:$R$2344,18,0) -> 40.776141
A1176: Id1175 | B1176: =VLOOKUP(A1176,'Customer Name'!A1175:E3510,4,0) -> Ethan | C1176: =VLOOKUP(A1176,Table7[#All],2,0) -> 27.455 | D1176: =VLOOKUP(A1176,Table7[#All],3,0) -> 6.13 | E1176: =VLOOKUP(A1176,Table7[#All],4,0) -> No | F1176: =VLOOKUP(A1176,Table7[#All],5,0) -> No | G1176: =VLOOKUP(A1176,Table7[#All],6,0) -> No | H1176: =VLOOKUP(A1176,'Medical Examination'!A1175:M3510,11,0) -> 2 | I1176: =VLOOKUP(A1176,'Medical Examination'!A1175:M3510,10,0) -> No | J1176: =VLOOKUP(A1176,'Medical Examination'!A1175:M3510,12,0) -> Overweight | K1176: =VLOOKUP(A1176,'Medical Examination'!A1175:M3510,13,0) -> Prediabetes | L1176: =VLOOKUP(A1176,'Hospitalisation Details'!A5:R2348,17,0) -> 27-Dec-1972 | M1176: =VLOOKUP(A1176,'Hospitalisation Details'!$A$1:$R$2344,6,0) -> 9617.66 | N1176: =VLOOKUP(A1176,'Hospitalisation Details'!$A$1:$R$2344,14,0) -> tier - 3 | O1176: =VLOOKUP(A1176,'Hospitalisation Details'!$A$1:$R$2344,15,0) -> tier - 3 | P1176: =VLOOKUP(A1176,'Hospitalisation Details'!$A$1:$R$2344,16,0) -> R1016 | Q1176: =VLOOKUP(A1176,'Hospitalisation Details'!$A$1:$R$2344,18,0) -> 50.444901
A1177: Id1176 | B1177: =VLOOKUP(A1177,'Customer Name'!A1176:E3511,4,0) -> Andrew W | C1177: =VLOOKUP(A1177,Table7[#All],2,0) -> 23.01 | D1177: =VLOOKUP(A1177,Table7[#All],3,0) -> 6.04 | E1177: =VLOOKUP(A1177,Table7[#All],4,0) -> yes | F1177: =VLOOKUP(A1177,Table7[#All],5,0) -> No | G1177: =VLOOKUP(A1177,Table7[#All],6,0) -> No | H1177: =VLOOKUP(A1177,'Medical Examination'!A1176:M3511,11,0) -> 1 | I1177: =VLOOKUP(A1177,'Medical Examination'!A1176:M3511,10,0) -> No | J1177: =VLOOKUP(A1177,'Medical Examination'!A1176:M3511,12,0) -> Normal Weight | K1177: =VLOOKUP(A1177,'Medical Examination'!A1176:M3511,13,0) -> Prediabetes | L1177: =VLOOKUP(A1177,'Hospitalisation Details'!A6:R2349,17,0) -> 15-Dec-1964 | M1177: =VLOOKUP(A1177,'Hospitalisation Details'!$A$1:$R$2344,6,0) -> 9597.63 | N1177: =VLOOKUP(A1177,'Hospitalisation Details'!$A$1:$R$2344,14,0) -> tier - 3 | O1177: =VLOOKUP(A1177,'Hospitalisation Details'!$A$1:$R$2344,15,0) -> tier - 3 | P1177: =VLOOKUP(A1177,'Hospitalisation Details'!$A$1:$R$2344,16,0) -> R1013 | Q1177: =VLOOKUP(A1177,'Hospitalisation Details'!$A$1:$R$2344,18,0) -> 58.477755
A1178: Id1177 | B1178: =VLOOKUP(A1178,'Customer Name'!A1177:E3512,4,0) -> Mark G | C1178: =VLOOKUP(A1178,Table7[#All],2,0) -> 31.39 | D1178: =VLOOKUP(A1178,Table7[#All],3,0) -> 8.85 | E1178: =VLOOKUP(A1178,Table7[#All],4,0) -> yes | F1178: =VLOOKUP(A1178,Table7[#All],5,0) -> No | G1178: =VLOOKUP(A1178,Table7[#All],6,0) -> No | H1178: =VLOOKUP(A1178,'Medical Examination'!A1177:M3512,11,0) -> 0 | I1178: =VLOOKUP(A1178,'Medical Examination'!A1177:M3512,10,0) -> No | J1178: =VLOOKUP(A1178,'Medical Examination'!A1177:M3512,12,0) -> Obesity | K1178: =VLOOKUP(A1178,'Medical Examination'!A1177:M3512,13,0) -> Diabetes | L1178: =VLOOKUP(A1178,'Hospitalisation Details'!A7:R2350,17,0) -> 18-Oct-1981 | M1178: =VLOOKUP(A1178,'Hospitalisation Details'!$A$1:$R$2344,6,0) -> 9584.04 | N1178: =VLOOKUP(A1178,'Hospitalisation Details'!$A$1:$R$2344,14,0) -> tier - 2 | O1178: =VLOOKUP(A1178,'Hospitalisation Details'!$A$1:$R$2344,15,0) -> tier - 1 | P1178: =VLOOKUP(A1178,'Hospitalisation Details'!$A$1:$R$2344,16,0) -> R1021 | Q1178: =VLOOKUP(A1178,'Hospitalisation Details'!$A$1:$R$2344,18,0) -> 41.639223
A1179: Id1178 | B1179: =VLOOKUP(A1179,'Customer Name'!A1178:E3513,4,0) -> Kasey E. | C1179: =VLOOKUP(A1179,Table7[#All],2,0) -> 34.77 | D1179: =VLOOKUP(A1179,Table7[#All],3,0) -> 10.54 | E1179: =VLOOKUP(A1179,Table7[#All],4,0) -> No | F1179: =VLOOKUP(A1179,Table7[#All],5,0) -> No | G1179: =VLOOKUP(A1179,Table7[#All],6,0) -> No | H1179: =VLOOKUP(A1179,'Medical Examination'!A1178:M3513,11,0) -> 2 | I1179: =VLOOKUP(A1179,'Medical Examination'!A1178:M3513,10,0) -> No | J1179: =VLOOKUP(A1179,'Medical Examination'!A1178:M3513,12,0) -> Obesity | K1179: =VLOOKUP(A1179,'Medical Examination'!A1178:M3513,13,0) -> Diabetes | L1179: =VLOOKUP(A1179,'Hospitalisation Details'!A8:R2351,17,0) -> 28-Nov-1973 | M1179: =VLOOKUP(A1179,'Hospitalisation Details'!$A$1:$R$2344,6,0) -> 9583.89 | N1179: =VLOOKUP(A1179,'Hospitalisation Details'!$A$1:$R$2344,14,0) -> tier - 2 | O1179: =VLOOKUP(A1179,'Hospitalisation Details'!$A$1:$R$2344,15,0) -> tier - 3 | P1179: =VLOOKUP(A1179,'Hospitalisation Details'!$A$1:$R$2344,16,0) -> R1012 | Q1179: =VLOOKUP(A1179,'Hospitalisation Details'!$A$1:$R$2344,18,0) -> 49.526977
A1180: Id1179 | B1180: =VLOOKUP(A1180,'Customer Name'!A1179:E3514,4,0) -> Jeff | C1180: =VLOOKUP(A1180,Table7[#All],2,0) -> 24.48 | D1180: =VLOOKUP(A1180,Table7[#All],3,0) -> 4.37 | E1180: =VLOOKUP(A1180,Table7[#All],4,0) -> yes | F1180: =VLOOKUP(A1180,Table7[#All],5,0) -> No | G1180: =VLOOKUP(A1180,Table7[#All],6,0) -> No | H1180: =VLOOKUP(A1180,'Medical Examination'!A1179:M3514,11,0) -> 2 | I1180: =VLOOKUP(A1180,'Medical Examination'!A1179:M3514,10,0) -> No | J1180: =VLOOKUP(A1180,'Medical Examination'!A1179:M3514,12,0) -> Normal Weight | K1180: =VLOOKUP(A1180,'Medical Examination'!A1179:M3514,13,0) -> Normal | L1180: =VLOOKUP(A1180,'Hospitalisation Details'!A9:R2352,17,0) -> 4-Dec-1966 | M1180: =VLOOKUP(A1180,'Hospitalisation Details'!$A$1:$R$2344,6,0) -> 9582.54 | N1180: =VLOOKUP(A1180,'Hospitalisation Details'!$A$1:$R$2344,14,0) -> tier - 3 | O1180: =VLOOKUP(A1180,'Hospitalisation Details'!$A$1:$R$2344,15,0) -> tier - 2 | P1180: =VLOOKUP(A1180,'Hospitalisation Details'!$A$1:$R$2344,16,0) -> R1013 | Q1180: =VLOOKUP(A1180,'Hospitalisation Details'!$A$1:$R$2344,18,0) -> 56.510574
A1181: Id1180 | B1181: =VLOOKUP(A1181,'Customer Name'!A1180:E3515,4,0) -> Amy | C1181: =VLOOKUP(A1181,Table7[#All],2,0) -> 22.61 | D1181: =VLOOKUP(A1181,Table7[#All],3,0) -> 9.63 | E1181: =VLOOKUP(A1181,Table7[#All],4,0) -> No | F1181: =VLOOKUP(A1181,Table7[#All],5,0) -> No | G1181: =VLOOKUP(A1181,Table7[#All],6,0) -> No | H1181: =VLOOKUP(A1181,'Medical Examination'!A1180:M3515,11,0) -> 2 | I1181: =VLOOKUP(A1181,'Medical Examination'!A1180:M3515,10,0) -> No | J1181: =VLOOKUP(A1181,'Medical Examination'!A1180:M3515,12,0) -> Normal Weight | K1181: =VLOOKUP(A1181,'Medical Examination'!A1180:M3515,13,0) -> Diabetes | L1181: =VLOOKUP(A1181,'Hospitalisation Details'!A10:R2353,17,0) -> 1-Dec-1973 | M1181: =VLOOKUP(A1181,'Hospitalisation Details'!$A$1:$R$2344,6,0) -> 9566.99 | N1181: =VLOOKUP(A1181,'Hospitalisation Details'!$A$1:$R$2344,14,0) -> tier - 2 | O1181: =VLOOKUP(A1181,'Hospitalisation Details'!$A$1:$R$2344,15,0) -> tier - 1 | P1181: =VLOOKUP(A1181,'Hospitalisation Details'!$A$1:$R$2344,16,0) -> R1012 | Q1181: =VLOOKUP(A1181,'Hospitalisation Details'!$A$1:$R$2344,18,0) -> 49.518763
A1182: Id1181 | B1182: =VLOOKUP(A1182,'Customer Name'!A1181:E3516,4,0) -> Adam | C1182: =VLOOKUP(A1182,Table7[#All],2,0) -> 34.3 | D1182: =VLOOKUP(A1182,Table7[#All],3,0) -> 10.37 | E1182: =VLOOKUP(A1182,Table7[#All],4,0) -> No | F1182: =VLOOKUP(A1182,Table7[#All],5,0) -> No | G1182: =VLOOKUP(A1182,Table7[#All],6,0) -> No | H1182: =VLOOKUP(A1182,'Medical Examination'!A1181:M3516,11,0) -> 0 | I1182: =VLOOKUP(A1182,'Medical Examination'!A1181:M3516,10,0) -> No | J1182: =VLOOKUP(A1182,'Medical Examination'!A1181:M3516,12,0) -> Obesity | K1182: =VLOOKUP(A1182,'Medical Examination'!A1181:M3516,13,0) -> Diabetes | L1182: =VLOOKUP(A1182,'Hospitalisation Details'!A11:R2354,17,0) -> 14-Aug-1974 | M1182: =VLOOKUP(A1182,'Hospitalisation Details'!$A$1:$R$2344,6,0) -> 9563.03 | N1182: =VLOOKUP(A1182,'Hospitalisation Details'!$A$1:$R$2344,14,0) -> tier - 3 | O1182: =VLOOKUP(A1182,'Hospitalisation Details'!$A$1:$R$2344,15,0) -> tier - 1 | P1182: =VLOOKUP(A1182,'Hospitalisation Details'!$A$1:$R$2344,16,0) -> R1011 | Q1182: =VLOOKUP(A1182,'Hospitalisation Details'!$A$1:$R$2344,18,0) -> 48.817216
A1183: Id1182 | B1183: =VLOOKUP(A1183,'Customer Name'!A1182:E3517,4,0) -> Kristin M | C1183: =VLOOKUP(A1183,Table7[#All],2,0) -> 46.09 | D1183: =VLOOKUP(A1183,Table7[#All],3,0) -> 5.44 | E1183: =VLOOKUP(A1183,Table7[#All],4,0) -> No | F1183: =VLOOKUP(A1183,Table7[#All],5,0) -> No | G1183: =VLOOKUP(A1183,Table7[#All],6,0) -> No | H1183: =VLOOKUP(A1183,'Medical Examination'!A1182:M3517,11,0) -> 2 | I1183: =VLOOKUP(A1183,'Medical Examination'!A1182:M3517,10,0) -> No | J1183: =VLOOKUP(A1183,'Medical Examination'!A1182:M3517,12,0) -> Obesity | K1183: =VLOOKUP(A1183,'Medical Examination'!A1182:M3517,13,0) -> Normal | L1183: =VLOOKUP(A1183,'Hospitalisation Details'!A12:R2355,17,0) -> 22-Sep-1972 | M1183: =VLOOKUP(A1183,'Hospitalisation Details'!$A$1:$R$2344,6,0) -> 9549.57 | N1183: =VLOOKUP(A1183,'Hospitalisation Details'!$A$1:$R$2344,14,0) -> tier - 2 | O1183: =VLOOKUP(A1183,'Hospitalisation Details'!$A$1:$R$2344,15,0) -> tier - 1 | P1183: =VLOOKUP(A1183,'Hospitalisation Details'!$A$1:$R$2344,16,0) -> R1013 | Q1183: =VLOOKUP(A1183,'Hospitalisation Details'!$A$1:$R$2344,18,0) -> 50.707734
... A1754: Id1753 | B1754: =VLOOKUP(A1754,'Customer Name'!A1753:E4088,4,0) -> Grant A | C1754: =VLOOKUP(A1754,Table7[#All],2,0) -> 15.47 | D1754: =VLOOKUP(A1754,Table7[#All],3,0) -> 8.43 | E1754: =VLOOKUP(A1754,Table7[#All],4,0) -> No | F1754: =VLOOKUP(A1754,Table7[#All],5,0) -> No | G1754: =VLOOKUP(A1754,Table7[#All],6,0) -> No | H1754: =VLOOKUP(A1754,'Medical Examination'!A1753:M4088,11,0) -> 0 | I1754: =VLOOKUP(A1754,'Medical Examination'!A1753:M4088,10,0) -> No | J1754: =VLOOKUP(A1754,'Medical Examination'!A1753:M4088,12,0) -> Underweight | K1754: =VLOOKUP(A1754,'Medical Examination'!A1753:M4088,13,0) -> Diabetes | L1754: =VLOOKUP(A1754,'Hospitalisation Details'!A583:R2926,17,0) -> 22-Nov-1978 | M1754: =VLOOKUP(A1754,'Hospitalisation Details'!$A$1:$R$2344,6,0) -> 5077.19 | N1754: =VLOOKUP(A1754,'Hospitalisation Details'!$A$1:$R$2344,14,0) -> tier - 2 | O1754: =VLOOKUP(A1754,'Hospitalisation Details'!$A$1:$R$2344,15,0) -> tier - 3 | P1754: =VLOOKUP(A1754,'Hospitalisation Details'!$A$1:$R$2344,16,0) -> R1012 | Q1754: =VLOOKUP(A1754,'Hospitalisation Details'!$A$1:$R$2344,18,0) -> 44.54342
A1755: Id1754 | B1755: =VLOOKUP(A1755,'Customer Name'!A1754:E4089,4,0) -> Jonathan C | C1755: =VLOOKUP(A1755,Table7[#All],2,0) -> 28.54 | D1755: =VLOOKUP(A1755,Table7[#All],3,0) -> 5.51 | E1755: =VLOOKUP(A1755,Table7[#All],4,0) -> No | F1755: =VLOOKUP(A1755,Table7[#All],5,0) -> No | G1755: =VLOOKUP(A1755,Table7[#All],6,0) -> Yes | H1755: =VLOOKUP(A1755,'Medical Examination'!A1754:M4089,11,0) -> 1 | I1755: =VLOOKUP(A1755,'Medical Examination'!A1754:M4089,10,0) -> No | J1755: =VLOOKUP(A1755,'Medical Examination'!A1754:M4089,12,0) -> Overweight | K1755: =VLOOKUP(A1755,'Medical Examination'!A1754:M4089,13,0) -> Normal | L1755: =VLOOKUP(A1755,'Hospitalisation Details'!$A$584:$R$2927,17,0) -> 11-Jun-1993 | M1755: =VLOOKUP(A1755,'Hospitalisation Details'!$A$1:$R$2344,6,0) -> 5059.56 | N1755: =VLOOKUP(A1755,'Hospitalisation Details'!$A$1:$R$2344,14,0) -> tier - 2 | O1755: =VLOOKUP(A1755,'Hospitalisation Details'!$A$1:$R$2344,15,0) -> tier - 1 | P1755: =VLOOKUP(A1755,'Hospitalisation Details'!$A$1:$R$2344,16,0) -> R1021 | Q1755: =VLOOKUP(A1755,'Hospitalisation Details'!$A$1:$R$2344,18,0) -> 29.992404
A1756: Id1755 | B1756: =VLOOKUP(A1756,'Customer Name'!A1755:E4090,4,0) -> Rachael M. | C1756: =VLOOKUP(A1756,Table7[#All],2,0) -> 18.54 | D1756: =VLOOKUP(A1756,Table7[#All],3,0) -> 4.95 | E1756: =VLOOKUP(A1756,Table7[#All],4,0) -> No | F1756: =VLOOKUP(A1756,Table7[#All],5,0) -> No | G1756: =VLOOKUP(A1756,Table7[#All],6,0) -> No | H1756: =VLOOKUP(A1756,'Medical Examination'!A1755:M4090,11,0) -> 0 | I1756: =VLOOKUP(A1756,'Medical Examination'!A1755:M4090,10,0) -> No | J1756: =VLOOKUP(A1756,'Medical Examination'!A1755:M4090,12,0) -> Normal Weight | K1756: =VLOOKUP(A1756,'Medical Examination'!A1755:M4090,13,0) -> Normal | L1756: =VLOOKUP(A1756,'Hospitalisation Details'!$A$584:$R$2927,17,0) -> 7-Sep-1980 | M1756: =VLOOKUP(A1756,'Hospitalisation Details'!$A$1:$R$2344,6,0) -> 5054.05 | N1756: =VLOOKUP(A1756,'Hospitalisation Details'!$A$1:$R$2344,14,0) -> tier - 2 | O1756: =VLOOKUP(A1756,'Hospitalisation Details'!$A$1:$R$2344,15,0) -> tier - 2 | P1756: =VLOOKUP(A1756,'Hospitalisation Details'!$A$1:$R$2344,16,0) -> R1013 | Q1756: =VLOOKUP(A1756,'Hospitalisation Details'!$A$1:$R$2344,18,0) -> 42.748802
A1757: Id1756 | B1757: =VLOOKUP(A1757,'Customer Name'!A1756:E4091,4,0) -> Pilar | C1757: =VLOOKUP(A1757,Table7[#All],2,0) -> 32.18 | D1757: =VLOOKUP(A1757,Table7[#All],3,0) -> 6.44 | E1757: =VLOOKUP(A1757,Table7[#All],4,0) -> yes | F1757: =VLOOKUP(A1757,Table7[#All],5,0) -> No | G1757: =VLOOKUP(A1757,Table7[#All],6,0) -> Yes | H1757: =VLOOKUP(A1757,'Medical Examination'!A1756:M4091,11,0) -> 1 | I1757: =VLOOKUP(A1757,'Medical Examination'!A1756:M4091,10,0) -> No | J1757: =VLOOKUP(A1757,'Medical Examination'!A1756:M4091,12,0) -> Obesity | K1757: =VLOOKUP(A1757,'Medical Examination'!A1756:M4091,13,0) -> Prediabetes | L1757: =VLOOKUP(A1757,'Hospitalisation Details'!$A$1:$R$2344,17,0) -> 29-Jul-1997 | M1757: =VLOOKUP(A1757,'Hospitalisation Details'!$A$1:$R$2344,6,0) -> 5045.15 | N1757: =VLOOKUP(A1757,'Hospitalisation Details'!$A$1:$R$2344,14,0) -> tier - 2 | O1757: =VLOOKUP(A1757,'Hospitalisation Details'!$A$1:$R$2344,15,0) -> tier - 2 | P1757: =VLOOKUP(A1757,'Hospitalisation Details'!$A$1:$R$2344,16,0) -> R1012 | Q1757: =VLOOKUP(A1757,'Hospitalisation Details'!$A$1:$R$2344,18,0) -> 25.860967
A1758: Id1757 | B1758: =VLOOKUP(A1758,'Customer Name'!A1757:E4092,4,0) -> Kyle M | C1758: =VLOOKUP(A1758,Table7[#All],2,0) -> 37.38 | D1758: =VLOOKUP(A1758,Table7[#All],3,0) -> 6.05 | E1758: =VLOOKUP(A1758,Table7[#All],4,0) -> yes | F1758: =VLOOKUP(A1758,Table7[#All],5,0) -> No | G1758: =VLOOKUP(A1758,Table7[#All],6,0) -> No | H1758: =VLOOKUP(A1758,'Medical Examination'!A1757:M4092,11,0) -> 0 | I1758: =VLOOKUP(A1758,'Medical Examination'!A1757:M4092,10,0) -> No | J1758: =VLOOKUP(A1758,'Medical Examination'!A1757:M4092,12,0) -> Obesity | K1758: =VLOOKUP(A1758,'Medical Examination'!A1757:M4092,13,0) -> Prediabetes | L1758: =VLOOKUP(A1758,'Hospitalisation Details'!$A$1:$R$2344,17,0) -> 16-Oct-2001 | M1758: =VLOOKUP(A1758,'Hospitalisation Details'!$A$1:$R$2344,6,0) -> 5043.13 | N1758: =VLOOKUP(A1758,'Hospitalisation Details'!$A$1:$R$2344,14,0) -> tier - 2 | O1758: =VLOOKUP(A1758,'Hospitalisation Details'!$A$1:$R$2344,15,0) -> tier - 3 | P1758: =VLOOKUP(A1758,'Hospitalisation Details'!$A$1:$R$2344,16,0) -> R1011 | Q1758: =VLOOKUP(A1758,'Hospitalisation Details'!$A$1:$R$2344,18,0) -> 21.644643
A1759: Id1758 | B1759: =VLOOKUP(A1759,'Customer Name'!A1758:E4093,4,0) -> . Christie | C1759: =VLOOKUP(A1759,Table7[#All],2,0) -> 31.12 | D1759: =VLOOKUP(A1759,Table7[#All],3,0) -> 4.76 | E1759: =VLOOKUP(A1759,Table7[#All],4,0) -> yes | F1759: =VLOOKUP(A1759,Table7[#All],5,0) -> No | G1759: =VLOOKUP(A1759,Table7[#All],6,0) -> Yes | H1759: =VLOOKUP(A1759,'Medical Examination'!A1758:M4093,11,0) -> 1 | I1759: =VLOOKUP(A1759,'Medical Examination'!A1758:M4093,10,0) -> No | J1759: =VLOOKUP(A1759,'Medical Examination'!A1758:M4093,12,0) -> Obesity | K1759: =VLOOKUP(A1759,'Medical Examination'!A1758:M4093,13,0) -> Normal | L1759: =VLOOKUP(A1759,'Hospitalisation Details'!$A$1:$R$2344,17,0) -> 4-Dec-1997 | M1759: =VLOOKUP(A1759,'Hospitalisation Details'!$A$1:$R$2344,6,0) -> 5038.57 | N1759: =VLOOKUP(A1759,'Hospitalisation Details'!$A$1:$R$2344,14,0) -> tier - 2 | O1759: =VLOOKUP(A1759,'Hospitalisation Details'!$A$1:$R$2344,15,0) -> tier - 2 | P1759: =VLOOKUP(A1759,'Hospitalisation Details'!$A$1:$R$2344,16,0) -> R1025 | Q1759: =VLOOKUP(A1759,'Hospitalisation Details'!$A$1:$R$2344,18,0) -> 25.510496
A1760: Id1759 | B1760: =VLOOKUP(A1760,'Customer Name'!A1759:E4094,4,0) -> David A. | C1760: =VLOOKUP(A1760,Table7[#All],2,0) -> 22.01 | D1760: =VLOOKUP(A1760,Table7[#All],3,0) -> 6.72 | E1760: =VLOOKUP(A1760,Table7[#All],4,0) -> yes | F1760: =VLOOKUP(A1760,Table7[#All],5,0) -> No | G1760: =VLOOKUP(A1760,Table7[#All],6,0) -> No | H1760: =VLOOKUP(A1760,'Medical Examination'!A1759:M4094,11,0) -> 1 | I1760: =VLOOKUP(A1760,'Medical Examination'!A1759:M4094,10,0) -> No | J1760: =VLOOKUP(A1760,'Medical Examination'!A1759:M4094,12,0) -> Normal Weight | K1760: =VLOOKUP(A1760,'Medical Examination'!A1759:M4094,13,0) -> Diabetes | L1760: =VLOOKUP(A1760,'Hospitalisation Details'!$A$1:$R$2344,17,0) -> 29-Jun-1986 | M1760: =VLOOKUP(A1760,'Hospitalisation Details'!$A$1:$R$2344,6,0) -> 5034.1 | N1760: =VLOOKUP(A1760,'Hospitalisation Details'!$A$1:$R$2344,14,0) -> tier - 2 | O1760: =VLOOKUP(A1760,'Hospitalisation Details'!$A$1:$R$2344,15,0) -> tier - 2 | P1760: =VLOOKUP(A1760,'Hospitalisation Details'!$A$1:$R$2344,16,0) -> R1013 | Q1760: =VLOOKUP(A1760,'Hospitalisation Details'!$A$1:$R$2344,18,0) -> 36.943152
A1761: Id1760 | B1761: =VLOOKUP(A1761,'Customer Name'!A1760:E4095,4,0) -> Masahiro | C1761: =VLOOKUP(A1761,Table7[#All],2,0) -> 27.645 | D1761: =VLOOKUP(A1761,Table7[#All],3,0) -> 5.7 | E1761: =VLOOKUP(A1761,Table7[#All],4,0) -> No | F1761: =VLOOKUP(A1761,Table7[#All],5,0) -> No | G1761: =VLOOKUP(A1761,Table7[#All],6,0) -> No | H1761: =VLOOKUP(A1761,'Medical Examination'!A1760:M4095,11,0) -> 0 | I1761: =VLOOKUP(A1761,'Medical Examination'!A1760:M4095,10,0) -> No | J1761: =VLOOKUP(A1761,'Medical Examination'!A1760:M4095,12,0) -> Overweight | K1761: =VLOOKUP(A1761,'Medical Examination'!A1760:M4095,13,0) -> Prediabetes | L1761: =VLOOKUP(A1761,'Hospitalisation Details'!$A$1:$R$2344,17,0) -> 10-Sep-1991 | M1761: =VLOOKUP(A1761,'Hospitalisation Details'!$A$1:$R$2344,6,0) -> 5031.27 | N1761: =VLOOKUP(A1761,'Hospitalisation Details'!$A$1:$R$2344,14,0) -> tier - 3 | O1761: =VLOOKUP(A1761,'Hospitalisation Details'!$A$1:$R$2344,15,0) -> tier - 1 | P1761: =VLOOKUP(A1761,'Hospitalisation Details'!$A$1:$R$2344,16,0) -> R1016 | Q1761: =VLOOKUP(A1761,'Hospitalisation Details'!$A$1:$R$2344,18,0) -> 31.7433
A1762: Id1761 | B1762: =VLOOKUP(A1762,'Customer Name'!A1761:E4096,4,0) -> Logan B. | C1762: =VLOOKUP(A1762,Table7[#All],2,0) -> 29.64 | D1762: =VLOOKUP(A1762,Table7[#All],3,0) -> 5.31 | E1762: =VLOOKUP(A1762,Table7[#All],4,0) -> yes | F1762: =VLOOKUP(A1762,Table7[#All],5,0) -> No | G1762: =VLOOKUP(A1762,Table7[#All],6,0) -> No | H1762: =VLOOKUP(A1762,'Medical Examination'!A1761:M4096,11,0) -> 0 | I1762: =VLOOKUP(A1762,'Medical Examination'!A1761:M4096,10,0) -> No | J1762: =VLOOKUP(A1762,'Medical Examination'!A1761:M4096,12,0) -> Overweight | K1762: =VLOOKUP(A1762,'Medical Examination'!A1761:M4096,13,0) -> Normal | L1762: =VLOOKUP(A1762,'Hospitalisation Details'!$A$1:$R$2344,17,0) -> 28-Dec-1985 | M1762: =VLOOKUP(A1762,'Hospitalisation Details'!$A$1:$R$2344,6,0) -> 5028.15 | N1762: =VLOOKUP(A1762,'Hospitalisation Details'!$A$1:$R$2344,14,0) -> tier - 1 | O1762: =VLOOKUP(A1762,'Hospitalisation Details'!$A$1:$R$2344,15,0) -> tier - 2 | P1762: =VLOOKUP(A1762,'Hospitalisation Details'!$A$1:$R$2344,16,0) -> R1012 | Q1762: =VLOOKUP(A1762,'Hospitalisation Details'!$A$1:$R$2344,18,0) -> 37.444819
A1763: Id1762 | B1763: =VLOOKUP(A1763,'Customer Name'!A1762:E4097,4,0) -> Stephanie L. | C1763: =VLOOKUP(A1763,Table7[#All],2,0) -> 33.7 | D1763: =VLOOKUP(A1763,Table7[#All],3,0) -> 4.32 | E1763: =VLOOKUP(A1763,Table7[#All],4,0) -> yes | F1763: =VLOOKUP(A1763,Table7[#All],5,0) -> No | G1763: =VLOOKUP(A1763,Table7[#All],6,0) -> No | H1763: =VLOOKUP(A1763,'Medical Examination'!A1762:M4097,11,0) -> 1 | I1763: =VLOOKUP(A1763,'Medical Examination'!A1762:M4097,10,0) -> No | J1763: =VLOOKUP(A1763,'Medical Examination'!A1762:M4097,12,0) -> Obesity | K1763: =VLOOKUP(A1763,'Medical Examination'!A1762:M4097,13,0) -> Normal | L1763: =VLOOKUP(A1763,'Hospitalisation Details'!$A$1:$R$2344,17,0) -> 9-Nov-1988 | M1763: =VLOOKUP(A1763,'Hospitalisation Details'!$A$1:$R$2344,6,0) -> 5012.47 | N1763: =VLOOKUP(A1763,'Hospitalisation Details'!$A$1:$R$2344,14,0) -> tier - 2 | O1763: =VLOOKUP(A1763,'Hospitalisation Details'!$A$1:$R$2344,15,0) -> tier - 3 | P1763: =VLOOKUP(A1763,'Hospitalisation Details'!$A$1:$R$2344,16,0) -> R1011 | Q1763: =VLOOKUP(A1763,'Hospitalisation Details'!$A$1:$R$2344,18,0) -> 34.576318
A1764: Id1763 | B1764: =VLOOKUP(A1764,'Customer Name'!A1763:E4098,4,0) -> Angela H | C1764: =VLOOKUP(A1764,Table7[#All],2,0) -> 27.5 | D1764: =VLOOKUP(A1764,Table7[#All],3,0) -> 4.23 | E1764: =VLOOKUP(A1764,Table7[#All],4,0) -> yes | F1764: =VLOOKUP(A1764,Table7[#All],5,0) -> No | G1764: =VLOOKUP(A1764,Table7[#All],6,0) -> No | H1764: =VLOOKUP(A1764,'Medical Examination'!A1763:M4098,11,0) -> 1 | I1764: =VLOOKUP(A1764,'Medical Examination'!A1763:M4098,10,0) -> No | J1764: =VLOOKUP(A1764,'Medical Examination'!A1763:M4098,12,0) -> Overweight | K1764: =VLOOKUP(A1764,'Medical Examination'!A1763:M4098,13,0) -> Normal | L1764: =VLOOKUP(A1764,'Hospitalisation Details'!$A$1:$R$2344,17,0) -> 8-Jul-1988 | M1764: =VLOOKUP(A1764,'Hospitalisation Details'!$A$1:$R$2344,6,0) -> 5003.85 | N1764: =VLOOKUP(A1764,'Hospitalisation Details'!$A$1:$R$2344,14,0) -> tier - 2 | O1764: =VLOOKUP(A1764,'Hospitalisation Details'!$A$1:$R$2344,15,0) -> tier - 3 | P1764: =VLOOKUP(A1764,'Hospitalisation Details'!$A$1:$R$2344,16,0) -> R1011 | Q1764: =VLOOKUP(A1764,'Hospitalisation Details'!$A$1:$R$2344,18,0) -> 34.915811
A1765: Id1764 | B1765: =VLOOKUP(A1765,'Customer Name'!A1764:E4099,4,0) -> Britt K | C1765: =VLOOKUP(A1765,Table7[#All],2,0) -> 16.12 | D1765: =VLOOKUP(A1765,Table7[#All],3,0) -> 6.09 | E1765: =VLOOKUP(A1765,Table7[#All],4,0) -> No | F1765: =VLOOKUP(A1765,Table7[#All],5,0) -> No | G1765: =VLOOKUP(A1765,Table7[#All],6,0) -> No | H1765: =VLOOKUP(A1765,'Medical Examination'!A1764:M4099,11,0) -> 0 | I1765: =VLOOKUP(A1765,'Medical Examination'!A1764:M4099,10,0) -> No | J1765: =VLOOKUP(A1765,'Medical Examination'!A1764:M4099,12,0) -> Underweight | K1765: =VLOOKUP(A1765,'Medical Examination'!A1764:M4099,13,0) -> Prediabetes | L1765: =VLOOKUP(A1765,'Hospitalisation Details'!$A$1:$R$2344,17,0) -> 9-Jun-1977 | M1765: =VLOOKUP(A1765,'Hospitalisation Details'!$A$1:$R$2344,6,0) -> 5003.77 | N1765: =VLOOKUP(A1765,'Hospitalisation Details'!$A$1:$R$2344,14,0) -> tier - 2 | O1765: =VLOOKUP(A1765,'Hospitalisation Details'!$A$1:$R$2344,15,0) -> tier - 3 | P1765: =VLOOKUP(A1765,'Hospitalisation Details'!$A$1:$R$2344,16,0) -> R1013 | Q1765: =VLOOKUP(A1765,'Hospitalisation Details'!$A$1:$R$2344,18,0) -> 45.997903
A1766: Id1765 | B1766: =VLOOKUP(A1766,'Customer Name'!A1765:E4100,4,0) -> Joyce R. | C1766: =VLOOKUP(A1766,Table7[#All],2,0) -> 26.73 | D1766: =VLOOKUP(A1766,Table7[#All],3,0) -> 4.74 | E1766: =VLOOKUP(A1766,Table7[#All],4,0) -> yes | F1766: =VLOOKUP(A1766,Table7[#All],5,0) -> No | G1766: =VLOOKUP(A1766,Table7[#All],6,0) -> No | H1766: =VLOOKUP(A1766,'Medical Examination'!A1765:M4100,11,0) -> 1 | I1766: =VLOOKUP(A1766,'Medical Examination'!A1765:M4100,10,0) -> No | J1766: =VLOOKUP(A1766,'Medical Examination'!A1765:M4100,12,0) -> Overweight | K1766: =VLOOKUP(A1766,'Medical Examination'!A1765:M4100,13,0) -> Normal | L1766: =VLOOKUP(A1766,'Hospitalisation Details'!$A$1:$R$2344,17,0) -> 4-Sep-1988 | M1766: =VLOOKUP(A1766,'Hospitalisation Details'!$A$1:$R$2344,6,0) -> 5002.78 | N1766: =VLOOKUP(A1766,'Hospitalisation Details'!$A$1:$R$2344,14,0) -> tier - 2 | O1766: =VLOOKUP(A1766,'Hospitalisation Details'!$A$1:$R$2344,15,0) -> tier - 2 | P1766: =VLOOKUP(A1766,'Hospitalisation Details'!$A$1:$R$2344,16,0) -> R1013 | Q1766: =VLOOKUP(A1766,'Hospitalisation Details'!$A$1:$R$2344,18,0) -> 34.757016
A1767: Id1766 | B1767: =VLOOKUP(A1767,'Customer Name'!A1766:E4101,4,0) -> Ben | C1767: =VLOOKUP(A1767,Table7[#All],2,0) -> 37.25 | D1767: =VLOOKUP(A1767,Table7[#All],3,0) -> 6.23 | E1767: =VLOOKUP(A1767,Table7[#All],4,0) -> yes | F1767: =VLOOKUP(A1767,Table7[#All],5,0) -> No | G1767: =VLOOKUP(A1767,Table7[#All],6,0) -> No | H1767: =VLOOKUP(A1767,'Medical Examination'!A1766:M4101,11,0) -> 0 | I1767: =VLOOKUP(A1767,'Medical Examination'!A1766:M4101,10,0) -> No | J1767: =VLOOKUP(A1767,'Medical Examination'!A1766:M4101,12,0) -> Obesity | K1767: =VLOOKUP(A1767,'Medical Examination'!A1766:M4101,13,0) -> Prediabetes | L1767: =VLOOKUP(A1767,'Hospitalisation Details'!$A$1:$R$2344,17,0) -> 5-Oct-2001 | M1767: =VLOOKUP(A1767,'Hospitalisation Details'!$A$1:$R$2344,6,0) -> 4999.04 | N1767: =VLOOKUP(A1767,'Hospitalisation Details'!$A$1:$R$2344,14,0) -> tier - 2 | O1767: =VLOOKUP(A1767,'Hospitalisation Details'!$A$1:$R$2344,15,0) -> tier - 2 | P1767: =VLOOKUP(A1767,'Hospitalisation Details'!$A$1:$R$2344,16,0) -> R1011 | Q1767: =VLOOKUP(A1767,'Hospitalisation Details'!$A$1:$R$2344,18,0) -> 21.674762
A1768: Id1767 | B1768: =VLOOKUP(A1768,'Customer Name'!A1767:E4102,4,0) -> Sarah M. | C1768: =VLOOKUP(A1768,Table7[#All],2,0) -> 23.56 | D1768: =VLOOKUP(A1768,Table7[#All],3,0) -> 5.45 | E1768: =VLOOKUP(A1768,Table7[#All],4,0) -> yes | F1768: =VLOOKUP(A1768,Table7[#All],5,0) -> No | G1768: =VLOOKUP(A1768,Table7[#All],6,0) -> No | H1768: =VLOOKUP(A1768,'Medical Examination'!A1767:M4102,11,0) -> 1 | I1768: =VLOOKUP(A1768,'Medical Examination'!A1767:M4102,10,0) -> No | J1768: =VLOOKUP(A1768,'Medical Examination'!A1767:M4102,12,0) -> Normal Weight | K1768: =VLOOKUP(A1768,'Medical Examination'!A1767:M4102,13,0) -> Normal | L1768: =VLOOKUP(A1768,'Hospitalisation Details'!$A$1:$R$2344,17,0) -> 24-Jun-1988 | M1768: =VLOOKUP(A1768,'Hospitalisation Details'!$A$1:$R$2344,6,0) -> 4992.38 | N1768: =VLOOKUP(A1768,'Hospitalisation Details'!$A$1:$R$2344,14,0) -> tier - 2 | O1768: =VLOOKUP(A1768,'Hospitalisation Details'!$A$1:$R$2344,15,0) -> tier - 3 | P1768: =VLOOKUP(A1768,'Hospitalisation Details'!$A$1:$R$2344,16,0) -> R1024 | Q1768: =VLOOKUP(A1768,'Hospitalisation Details'!$A$1:$R$2344,18,0) -> 34.954141
... A2336: Id2335 | B2336: =VLOOKUP(A2336,'Customer Name'!A2335:E4670,4,0) -> Aaron K | C2336: =VLOOKUP(A2336,Table7[#All],2,0) -> 17.58 | D2336: =VLOOKUP(A2336,Table7[#All],3,0) -> 4.51 | E2336: =VLOOKUP(A2336,Table7[#All],4,0) -> No | F2336: =VLOOKUP(A2336,Table7[#All],5,0) -> No | G2336: =VLOOKUP(A2336,Table7[#All],6,0) -> No | H2336: =VLOOKUP(A2336,'Medical Examination'!A2335:M4670,11,0) -> 1 | I2336: =VLOOKUP(A2336,'Medical Examination'!A2335:M4670,10,0) -> No | J2336: =VLOOKUP(A2336,'Medical Examination'!A2335:M4670,12,0) -> Underweight | K2336: =VLOOKUP(A2336,'Medical Examination'!A2335:M4670,13,0) -> Normal | L2336: =VLOOKUP(A2336,'Hospitalisation Details'!$A$1:$R$2344,17,0) -> 9-Jul-1992 | M2336: =VLOOKUP(A2336,'Hospitalisation Details'!$A$1:$R$2344,6,0) -> 563.84 | N2336: =VLOOKUP(A2336,'Hospitalisation Details'!$A$1:$R$2344,14,0) -> tier - 2 | O2336: =VLOOKUP(A2336,'Hospitalisation Details'!$A$1:$R$2344,15,0) -> tier - 3 | P2336: =VLOOKUP(A2336,'Hospitalisation Details'!$A$1:$R$2344,16,0) -> R1013 | Q2336: =VLOOKUP(A2336,'Hospitalisation Details'!$A$1:$R$2344,18,0) -> 30.913073

Sheet Manual Dashboard
A4: Count of Cancer history | B4: Column Labels
A5: Row Labels | B5: No | C5: Yes | D5: Grand Total
A6: No | B6: 1540 | C6: 307 | D6: 1847
A7: Yes | B7: 404 | C7: 84 | D7: 488
A8: Grand Total | B8: 1944 | C8: 391 | D8: 2335
A10: Smoker Distribution
A11: Smoker - cancer yes | B11: 84
A12: Smoker - cancer no | B12: 404
A13: Non - Smoker - Cancer Yes | B13: 307
A14: Non - Smoker - Cancer No | B14: 1540
A20: Row Labels | B20: Average of charges
A21: Normal Weight | B21: 17284.97
A22: Obesity | B22: 10483.967
A23: Overweight | B23: 13662.615
A24: Underweight | B24: 23386.455
A25: Grand Total | B25: 13411.324

Sheet Quick Analytics Healthcare
A1: Row Labels | B1: Average of charges
A2: Diabetes | B2: 16120.287
A3: Normal | B3: 12090.723
A4: Prediabetes | B4: 12532.263
A5: Grand Total | B5: 13529.918
A8: Row Labels | B8: Average of charges
A9: Normal Weight | B9: 17284.97
A10: Obesity | B10: 10483.967
A11: Overweight | B11: 13662.615
A12: Underweight | B12: 23386.455
A13: Grand Total | B13: 13411.324
A15: Row Labels | B15: Average of charges
A16: R1011 | B16: 19466.246
A17: R1012 | B17: 12016.474
A18: R1013 | B18: 10514.94
A19: R1014 | B19: 13478.057
A20: R1015 | B20: 13948.61
A21: R1016 | B21: 13589.263
A22: R1017 | B22: 14806.108
A23: R1018 | B23: 13272.787
A24: R1019 | B24: 13633.143
A25: R1020 | B25: 9238.4983
A26: R1021 | B26: 8933.3781
A27: R1022 | B27: 10650.521
... A33: Grand Total | B33: 13529.918
A36: Row Labels | B36: Average of charges | C36: Count of Customer ID | D36: Average of HBA1C | E36: Average of BMI
A37: tier - 1 | B37: 30129.199 | C37: 304 | D37: 6.6087829 | E37: 34.886184
A38: tier - 2 | B38: 11865.269 | C38: 1338 | D38: 6.4259193 | E38: 30.201315
A39: tier - 3 | B39: 9462.2693 | C39: 693 | D39: 6.8614863 | E39: 30.74513
A40: Grand Total | B40: 13529.918 | C40: 2335 | D40: 6.5789979 | E40: 30.972649
A43: Row Labels | B43: Count of Customer ID
A44: R1011 | B44: 574
A45: R1012 | B45: 575
A46: R1013 | B46: 612
A47: R1014 | B47: 13
A48: R1015 | B48: 12
A49: R1016 | B49: 64
A50: R1017 | B50: 36
A51: R1018 | B51: 9
A52: R1019 | B52: 26
A53: R1020 | B53: 6
A54: R1021 | B54: 70
A55: R1022 | B55: 14
... A61: Grand Total | B61: 2335
A64: Row Labels | B64: Average of HBA1C | C64: Count of Customer ID | D64: Average of BMI | E64: Average of charges
A65: tier - 1 | B65: 6.6056011 | C65: 732 | D65: 30.290704 | E65: 13051.351
A66: tier - 2 | B66: 6.5691718 | C66: 809 | D66: 31.448523 | E66: 13445.534
A67: tier - 3 | B67: 6.5644836 | C67: 794 | D67: 31.11648 | E67: 14057.094
A68: Grand Total | B68: 6.5789979 | C68: 2335 | D68: 30.972649 | E68: 13529.918
A75: Row Labels | B75: Count of Customer ID
A76: tier - 1 | B76: 732
A77: tier - 2 | B77: 809
A78: tier - 3 | B78: 794
A79: Grand Total | B79: 2335
A82: Row Labels | B82: Count of Customer ID
A83: tier - 1 | B83: 304
A84: tier - 2 | B84: 1338
A85: tier - 3 | B85: 693
A86: Grand Total | B86: 2335
A91: Row Labels | B91: Average of Age | C91: Count of Diabetes Status
A92: tier - 1 | B92: 40.28692 | C92: 732
A93: tier - 2 | B93: 39.592227 | C93: 809
A94: tier - 3 | B94: 39.931933 | C94: 794
A95: Grand Total | B95: 39.925521 | C95: 2335
A98: Average of Age | B98: Column Labels
A99: Row Labels | B99: tier - 1 | C99: tier - 2 | D99: tier - 3 | E99: Grand Total
A100: Normal Weight | B100: 39.306279 | C100: 36.975072 | D100: 39.663631 | E100: 38.719014
A101: Obesity | B101: 40.54385 | C101: 40.265102 | D101: 40.631602 | E101: 40.472012
A102: Overweight | B102: 41.358581 | C102: 40.071186 | D102: 38.579773 | E102: 40.001018
A103: Underweight | B103: 38.120045 | C103: 39.089662 | D103: 39.529361 | E103: 38.91503
A104: Grand Total | B104: 40.28692 | C104: 39.592227 | D104: 39.931933 | E104: 39.925521
A111: Row Labels | B111: Average of Age | C111: Count of Cancer history | D111: Count of Smoker | E111: Sum of NumberOfMajorSurgeries
A112: Normal Weight | B112: 38.719014 | C112: 437 | D112: 437 | E112: 265
A113: Obesity | B113: 40.472012 | C113: 1221 | D113: 1221 | E113: 840
A114: Overweight | B114: 40.001018 | C114: 501 | D114: 501 | E114: 365
A115: Underweight | B115: 38.91503 | C115: 176 | D115: 176 | E115: 109
A116: Grand Total | B116: 39.925521 | C116: 2335 | D116: 2335 | E116: 1579

Sheet AI Dashboard
K1: Healthcare AI - Dashboard
